"SalePrice","LotArea","Bedrooms","GarageArea","OverallCond","OverallQual","housetype","YearBuilt","YearRemodAdd","YrSold","HalfBath","FullBath","Garage"
208500,8450,3,548,5,7,"1Fam",2003,2003,2008,1,3,0
181500,9600,3,460,8,6,"1Fam",1976,1976,2007,1,2,0
223500,11250,3,608,5,7,"1Fam",2001,2002,2008,1,3,0
140000,9550,3,642,5,7,"1Fam",1915,1970,2006,0,2,0
250000,14260,4,836,5,8,"1Fam",2000,2000,2008,1,3,0
143000,14115,1,480,5,5,"1Fam",1993,1995,2009,1,2,0
307000,10084,3,636,5,8,"1Fam",2004,2005,2007,0,3,0
200000,10382,3,484,6,7,"1Fam",1973,1973,2009,1,3,0
129900,6120,2,468,5,7,"1Fam",1931,1950,2008,0,2,0
118000,7420,2,205,6,5,"2fmCon",1939,1950,2008,0,2,0
129500,11200,3,384,5,5,"1Fam",1965,1965,2008,0,2,0
345000,11924,4,736,5,9,"1Fam",2005,2006,2006,0,4,0
144000,12968,2,352,6,5,"1Fam",1962,1962,2008,0,2,0
279500,10652,3,840,5,7,"1Fam",2006,2007,2007,0,2,0
157000,10920,2,352,5,6,"1Fam",1960,1960,2008,1,2,0
132000,6120,2,576,8,7,"1Fam",1929,2001,2007,0,1,0
149000,11241,2,480,7,6,"1Fam",1970,1970,2010,0,2,0
90000,10791,2,516,5,4,"Duplex",1967,1967,2006,0,2,0
159000,13695,3,576,5,5,"1Fam",2004,2004,2008,1,2,0
139000,7560,3,294,6,5,"1Fam",1958,1965,2009,0,1,0
325300,14215,4,853,5,8,"1Fam",2005,2006,2006,1,3,0
139400,7449,3,280,7,7,"1Fam",1930,1950,2007,0,1,0
230000,9742,3,534,5,8,"1Fam",2002,2002,2008,0,2,0
129900,4224,3,572,7,5,"TwnhsE",1976,1976,2007,0,2,0
154000,8246,3,270,8,5,"1Fam",1968,2001,2010,0,2,0
256300,14230,3,890,5,8,"1Fam",2007,2007,2009,0,2,0
134800,7200,3,576,7,5,"1Fam",1951,2000,2010,1,1,0
306000,11478,3,772,5,8,"1Fam",2007,2008,2010,0,3,0
207500,16321,2,319,6,5,"1Fam",1957,1997,2006,0,2,0
68500,6324,1,240,6,4,"1Fam",1927,1950,2008,0,1,0
40000,8500,3,250,4,4,"1Fam",1920,1950,2008,0,1,0
149350,8544,3,271,6,5,"1Fam",1966,2006,2008,1,1,0
179900,11049,3,484,5,8,"1Fam",2007,2007,2008,0,2,0
165500,10552,4,447,5,5,"1Fam",1959,1959,2010,2,1,0
277500,7313,2,556,5,9,"TwnhsE",2005,2005,2007,0,3,0
309000,13418,4,691,5,8,"1Fam",2004,2005,2006,1,3,0
145000,10859,3,672,5,5,"1Fam",1994,1995,2009,1,1,0
153000,8532,3,498,6,5,"1Fam",1954,1990,2009,1,1,0
109000,7922,3,246,7,5,"1Fam",1953,2007,2010,0,2,0
82000,6040,2,0,5,4,"Duplex",1955,1955,2008,0,2,1
160000,8658,3,440,5,6,"1Fam",1965,1965,2006,0,2,0
170000,16905,2,308,6,5,"1Fam",1959,1959,2007,2,1,0
144000,9180,2,504,7,5,"1Fam",1983,1983,2007,0,2,0
130250,9200,3,308,6,5,"1Fam",1975,1980,2008,0,2,0
141000,7945,3,300,6,5,"1Fam",1959,1959,2006,0,2,0
319900,7658,2,576,5,9,"TwnhsE",2005,2005,2010,0,3,0
239686,12822,1,670,5,7,"1Fam",2003,2003,2009,1,2,0
249700,11096,3,826,5,8,"1Fam",2006,2006,2007,0,2,0
113000,4456,2,0,5,4,"2fmCon",1920,2008,2009,0,2,1
127000,7742,3,386,7,5,"1Fam",1966,1966,2007,0,2,0
177000,13869,3,388,6,6,"1Fam",1997,1997,2007,1,2,0
114500,6240,3,528,6,6,"1Fam",1934,1950,2006,0,1,0
110000,8472,2,516,5,5,"Duplex",1963,1963,2010,0,2,0
385000,50271,0,894,5,9,"1Fam",1981,1987,2006,1,2,0
130000,7134,3,572,5,5,"1Fam",1955,1955,2007,0,1,0
180500,10175,3,576,5,6,"1Fam",1964,1964,2008,0,2,0
172500,2645,3,480,5,8,"Twnhs",1999,2000,2009,1,3,0
196500,11645,3,565,5,7,"1Fam",2004,2004,2006,1,2,0
438780,13682,3,641,5,10,"1Fam",2006,2006,2006,1,3,0
124900,7200,2,352,7,5,"1Fam",1972,1972,2008,0,1,0
158000,13072,3,576,5,6,"1Fam",2004,2004,2006,1,2,0
101000,7200,3,288,7,5,"1Fam",1920,1996,2007,0,1,0
202500,6442,2,484,5,8,"TwnhsE",2006,2006,2007,0,2,0
140000,10300,3,480,6,7,"1Fam",1921,1950,2010,0,2,0
219500,9375,3,645,5,7,"1Fam",1997,1998,2009,1,3,0
317000,9591,4,852,5,8,"1Fam",2004,2005,2007,1,2,0
180000,19900,3,576,5,7,"1Fam",1970,1989,2010,0,3,0
226000,10665,3,558,5,7,"1Fam",2003,2003,2007,0,3,0
80000,4608,2,220,6,4,"1Fam",1945,1950,2010,0,1,0
225000,15593,3,667,4,7,"1Fam",1953,1953,2006,0,2,0
244000,13651,3,516,6,7,"1Fam",1973,1973,2007,0,3,0
129500,7599,2,360,6,4,"1Fam",1982,2006,2007,0,2,0
185000,10141,3,427,5,7,"1Fam",1998,1998,2009,1,2,0
144900,10200,3,490,7,5,"1Fam",1954,2003,2010,0,2,0
107400,5790,3,379,6,3,"1Fam",1915,1950,2010,0,2,0
91000,1596,2,297,5,4,"Twnhs",1973,1973,2009,0,2,0
135750,8475,2,283,7,4,"1Fam",1956,1956,2008,0,1,0
127000,8635,2,240,5,5,"1Fam",1948,2001,2008,0,2,0
136500,10778,4,0,5,4,"Duplex",1968,1968,2010,0,2,1
110000,10440,2,440,6,5,"1Fam",1910,1981,2009,1,1,0
193500,13000,4,509,6,6,"1Fam",1968,1968,2009,1,2,0
153500,4500,2,405,5,6,"TwnhsE",1998,1998,2006,0,3,0
245000,10206,3,758,5,8,"1Fam",2007,2007,2008,0,2,0
126500,8892,3,461,5,5,"1Fam",1960,1960,2007,1,1,0
168500,8530,3,400,5,7,"1Fam",1995,1996,2009,1,2,0
260000,16059,4,462,5,8,"1Fam",1991,1992,2006,1,2,0
174000,11911,3,400,5,6,"1Fam",2005,2005,2009,1,2,0
164500,3951,2,528,5,6,"TwnhsE",2009,2009,2009,1,2,0
85000,8470,2,0,2,3,"1Fam",1915,1982,2009,0,1,1
123600,8070,3,0,5,4,"1Fam",1994,1995,2007,0,2,1
109900,7200,2,420,5,4,"1Fam",1950,1950,2006,0,1,0
98600,8500,2,480,3,5,"1Fam",1961,1961,2006,0,1,0
163500,13360,2,432,7,5,"1Fam",1921,2006,2009,0,2,0
133900,7200,4,506,6,6,"2fmCon",1910,1998,2007,1,2,0
204750,9337,3,684,5,6,"1Fam",1997,1997,2007,1,3,0
185000,9765,3,420,8,6,"1Fam",1993,1993,2009,1,2,0
214000,10264,3,472,5,7,"1Fam",1999,1999,2006,0,2,0
94750,10921,3,432,5,4,"1Fam",1965,1965,2007,0,2,0
83000,10625,2,366,5,5,"1Fam",1920,1950,2010,0,1,0
128950,9320,3,0,5,4,"1Fam",1959,1959,2010,1,2,1
205000,10603,3,480,7,6,"1Fam",1977,2001,2010,0,3,0
178000,9206,3,476,5,6,"1Fam",1985,1985,2010,1,2,0
118964,7018,4,410,5,5,"Duplex",1979,1979,2009,0,2,0
198900,10402,3,740,5,7,"1Fam",2009,2009,2010,0,2,0
169500,7758,4,240,4,7,"1Fam",1931,1950,2007,1,1,0
250000,9375,3,648,5,8,"1Fam",2003,2004,2008,1,2,0
100000,10800,2,273,7,4,"1Fam",1885,1995,2007,0,1,0
115000,6000,2,250,5,5,"1Fam",1948,1950,2008,0,1,0
115000,8500,3,0,7,5,"1Fam",1919,2005,2007,0,2,1
190000,11751,3,546,6,6,"1Fam",1977,1977,2010,0,2,0
136900,9525,4,325,4,6,"1Fam",1954,1972,2006,0,2,0
180000,7750,3,400,5,7,"1Fam",2000,2000,2010,1,2,0
383970,9965,4,792,5,7,"1Fam",2007,2007,2007,1,3,0
217000,21000,3,450,5,6,"1Fam",1953,1953,2007,0,3,0
259500,7259,3,180,8,6,"1Fam",1945,2002,2007,1,3,0
176000,3230,2,440,5,6,"TwnhsE",1999,1999,2007,1,2,0
139000,11616,3,288,5,5,"1Fam",1962,1962,2009,1,1,0
155000,8536,2,430,5,5,"1Fam",2006,2007,2007,1,1,0
320000,12376,5,594,5,7,"1Fam",1990,1990,2010,0,4,0
163990,8461,3,390,5,6,"1Fam",2005,2006,2006,1,2,0
180000,21453,1,540,5,6,"1Fam",1969,1969,2006,0,2,0
100000,6060,3,264,5,4,"1Fam",1939,1950,2007,0,1,0
136000,9464,3,288,7,6,"1Fam",1958,1958,2008,0,1,0
153900,7892,2,530,5,6,"TwnhsE",1993,1993,2008,0,2,0
181000,17043,3,435,5,6,"1Fam",1979,1998,2009,0,2,0
84500,6780,2,0,8,6,"2fmCon",1935,1982,2006,0,2,1
128000,4928,2,440,5,6,"TwnhsE",1976,1976,2007,0,2,0
87000,4388,3,0,7,5,"1Fam",1930,1950,2007,0,1,1
155000,7590,3,453,5,6,"1Fam",1966,1966,2006,1,1,0
150000,8973,3,750,7,5,"1Fam",1958,1991,2006,2,1,0
226000,14200,4,487,6,7,"1Fam",1966,1966,2006,1,2,0
244000,12224,3,390,5,6,"1Fam",2000,2000,2009,1,3,0
150750,7388,3,624,6,5,"1Fam",1959,2002,2007,0,2,0
220000,6853,2,471,5,8,"1Fam",2001,2002,2009,0,3,0
180000,10335,3,440,6,5,"1Fam",1968,1993,2006,1,2,0
174000,10400,3,530,6,7,"1Fam",1970,1970,2008,0,2,0
143000,10355,3,318,5,5,"1Fam",1967,1967,2007,0,2,0
171000,11070,5,766,5,7,"Duplex",1988,1989,2006,0,3,0
230000,9066,3,660,5,8,"1Fam",1999,2000,2008,1,2,0
231500,15426,3,470,5,6,"1Fam",1997,1997,2009,1,3,0
115000,10500,3,0,5,4,"1Fam",1971,1971,2010,0,1,1
260000,11645,3,660,5,7,"1Fam",2005,2005,2006,0,3,0
166000,8520,4,720,4,5,"1Fam",1952,1952,2010,0,2,0
204000,10335,3,577,5,7,"1Fam",1999,1999,2009,0,3,0
125000,9100,6,504,5,5,"Duplex",1963,1963,2006,0,3,0
130000,2522,3,380,5,6,"Twnhs",2004,2006,2006,0,2,0
105000,6120,2,180,7,5,"1Fam",1931,1993,2009,0,2,0
222500,9505,3,434,5,7,"1Fam",2001,2001,2010,1,2,0
141000,7500,3,0,5,7,"1Fam",2004,2005,2008,0,2,1
115000,6240,3,240,4,5,"1Fam",1936,1950,2006,0,1,0
122000,10356,3,440,6,5,"1Fam",1975,1975,2007,1,1,0
372402,13891,2,866,5,8,"1Fam",2007,2008,2008,0,3,0
190000,14803,4,495,5,6,"1Fam",1971,1971,2006,1,2,0
235000,13500,1,564,7,6,"1Fam",1960,1975,2008,0,2,0
125000,11340,4,312,5,6,"1Fam",1923,1950,2006,0,1,0
79000,9600,2,0,5,6,"1Fam",1924,1950,2008,0,1,1
109500,7200,2,625,7,5,"1Fam",1950,1950,2006,0,1,0
269500,12003,4,680,5,8,"1Fam",2009,2010,2010,1,2,0
254900,12552,3,678,5,7,"1Fam",2004,2005,2010,1,2,0
320000,19378,4,576,5,7,"1Fam",2005,2006,2006,1,3,0
162500,11120,3,516,6,6,"1Fam",1984,1984,2008,0,2,0
412500,13688,3,726,5,9,"1Fam",2003,2004,2008,1,3,0
220000,12182,3,532,5,7,"1Fam",2005,2005,2010,0,2,0
103200,5500,1,0,6,4,"1Fam",1956,1956,2007,0,1,1
152000,5400,3,216,7,6,"1Fam",1926,2004,2007,0,2,0
127500,10106,4,0,7,5,"2fmCon",1940,1999,2008,0,3,1
190000,10708,2,303,5,5,"1Fam",1955,1993,2009,0,2,0
325624,10562,3,789,5,8,"1Fam",2007,2007,2007,1,2,0
183500,8244,3,440,5,7,"1Fam",2004,2004,2007,1,2,0
228000,16669,2,511,6,8,"1Fam",1981,1981,2006,1,2,0
128500,12358,2,660,6,5,"1Fam",1941,1950,2007,1,1,0
215000,31770,3,528,5,6,"1Fam",1960,1960,2010,0,2,0
239000,5306,2,504,7,7,"TwnhsE",1987,1987,2006,0,3,0
163000,10197,3,504,5,6,"1Fam",1961,1961,2008,1,2,0
184000,12416,3,616,5,6,"1Fam",1986,1986,2008,0,3,0
243000,12615,4,576,7,6,"1Fam",1950,2001,2007,0,3,0
211000,10029,4,521,5,6,"1Fam",1988,1989,2007,2,2,0
172500,13650,4,451,5,5,"1Fam",1958,1958,2006,0,3,0
501837,17423,1,1166,5,9,"1Fam",2008,2009,2009,0,3,0
100000,8520,2,480,6,5,"1Fam",1923,2006,2007,0,1,0
177000,2117,3,440,5,6,"Twnhs",2000,2000,2007,1,2,0
200100,7588,4,216,6,7,"1Fam",1920,1950,2006,1,1,0
120000,9060,3,252,6,5,"1Fam",1957,2006,2007,0,1,0
200000,11426,3,484,5,7,"1Fam",2003,2003,2008,1,2,0
127000,7438,3,576,8,5,"1Fam",1908,1991,2006,0,1,0
475000,22950,4,840,9,10,"1Fam",1892,1993,2006,1,2,0
173000,9947,3,497,5,7,"1Fam",1990,1991,2009,0,3,0
135000,10410,3,180,7,5,"1Fam",1916,1987,2009,1,2,0
153337,7018,2,528,5,5,"Duplex",1979,1979,2009,2,2,0
286000,4923,0,682,5,8,"TwnhsE",2001,2002,2008,1,2,0
315000,10570,3,440,8,8,"1Fam",1932,1994,2007,1,2,0
184000,7472,4,484,9,7,"1Fam",1972,2004,2007,1,2,0
192000,9017,3,666,5,7,"1Fam",1999,1999,2009,0,3,0
130000,2522,3,380,5,7,"Twnhs",2004,2004,2006,0,2,0
127000,7180,3,352,7,5,"1Fam",1972,1972,2008,0,1,0
148500,2280,3,440,6,6,"Twnhs",1976,1976,2009,1,2,0
311872,9416,3,786,5,7,"1Fam",2007,2007,2007,0,3,0
235000,25419,4,795,4,8,"1Fam",1918,1990,2006,1,3,0
104000,5520,5,0,6,6,"1Fam",1912,1950,2009,0,1,1
274900,9591,3,856,5,8,"1Fam",2004,2005,2009,0,3,0
140000,8546,2,440,5,4,"1Fam",2003,2004,2010,0,2,0
171500,10125,3,473,6,6,"1Fam",1977,1977,2008,1,2,0
112000,7000,2,398,6,6,"1Fam",1924,1950,2006,0,2,0
149000,4438,1,420,5,6,"TwnhsE",2004,2004,2008,0,2,0
110000,3500,2,240,7,5,"1Fam",1947,1950,2009,1,1,0
180500,11851,3,500,5,7,"1Fam",1990,1990,2009,0,2,0
143900,13673,3,349,5,5,"1Fam",1962,1962,2007,1,1,0
141000,12493,3,312,5,4,"1Fam",1960,1960,2008,0,2,0
277000,14364,3,454,5,7,"1Fam",1988,1989,2007,1,3,0
145000,8250,3,504,7,6,"1Fam",1964,1964,2008,0,2,0
98000,5604,2,0,6,5,"1Fam",1925,1950,2008,0,2,1
186000,10420,3,460,5,6,"1Fam",2009,2009,2010,0,2,0
252678,8640,3,644,5,7,"1Fam",2009,2009,2009,1,3,0
156000,13568,3,576,5,5,"1Fam",1995,1995,2006,1,1,0
161750,10900,3,299,7,6,"1Fam",1977,1977,2010,1,1,0
134450,10011,2,447,6,5,"1Fam",1957,1996,2006,1,1,0
210000,8450,3,484,5,7,"1Fam",2004,2004,2008,0,3,0
107000,9906,3,210,4,4,"1Fam",1925,1950,2006,0,1,0
311500,15660,3,431,9,7,"1Fam",1939,2006,2008,2,1,0
167240,3010,2,438,5,7,"TwnhsE",2005,2006,2006,0,2,0
204900,8990,2,675,5,7,"1Fam",2006,2006,2006,0,2,0
200000,8068,4,390,5,6,"1Fam",2002,2002,2009,1,2,0
179900,11475,3,434,6,6,"1Fam",1975,1975,2006,1,3,0
97000,10500,2,576,6,4,"1Fam",1971,1971,2009,0,1,0
386250,13472,3,968,5,10,"1Fam",2003,2003,2009,0,2,0
112000,1680,3,280,5,5,"Twnhs",1971,1971,2009,1,2,0
290000,9950,4,721,5,7,"1Fam",1995,1995,2007,1,2,0
106000,1869,2,280,6,6,"Twnhs",1970,1970,2008,1,1,0
125000,8521,3,336,5,5,"1Fam",1967,1967,2010,0,1,0
192500,3182,2,430,5,7,"TwnhsE",2005,2006,2009,0,2,0
148000,8760,3,312,6,6,"1Fam",1959,1959,2010,0,2,0
403000,15138,4,810,5,8,"1Fam",1995,1996,2009,1,3,0
94500,1680,2,288,5,6,"Twnhs",1972,1972,2006,1,1,0
128200,10650,3,308,6,5,"1Fam",1976,1976,2010,0,2,0
216500,7851,4,440,5,6,"1Fam",2002,2002,2010,1,3,0
89500,1680,2,264,3,6,"TwnhsE",1971,1971,2008,1,1,0
185500,8773,3,494,5,7,"1Fam",2004,2004,2010,0,2,0
194500,9453,3,457,7,7,"1Fam",1993,2003,2010,1,2,0
318000,12030,3,818,5,8,"1Fam",2007,2007,2007,0,2,0
113000,8741,3,220,4,6,"1Fam",1945,1950,2010,1,1,0
262500,9000,3,750,5,8,"1Fam",2008,2008,2010,0,3,0
110500,3880,2,0,9,5,"1Fam",1945,1997,2007,0,1,1
79000,5000,3,352,4,5,"1Fam",1900,1950,2006,0,1,0
120000,10762,3,288,6,6,"TwnhsE",1980,1980,2009,1,1,0
205000,8880,3,463,5,7,"1Fam",1994,2002,2010,1,3,0
241500,10400,3,604,5,7,"1Fam",1988,1988,2006,1,2,0
137000,9142,4,440,8,6,"2fmCon",1910,1950,2006,0,2,0
140000,11310,2,451,5,6,"1Fam",1954,1954,2006,0,1,0
180000,11317,3,500,5,7,"1Fam",2003,2003,2007,1,2,0
277000,159000,4,389,7,6,"1Fam",1958,2006,2007,1,2,0
76500,5350,3,0,2,3,"1Fam",1940,1966,2010,0,1,1
235000,4750,2,538,5,8,"TwnhsE",2006,2007,2007,1,3,0
173000,8366,3,520,5,6,"1Fam",2004,2004,2008,1,2,0
158000,9350,3,309,7,6,"1Fam",1964,1991,2007,1,2,0
145000,8400,3,294,6,5,"1Fam",1957,1957,2010,0,2,0
230000,8738,4,429,5,7,"1Fam",1999,1999,2006,1,2,0
207500,8791,3,673,5,6,"1Fam",2003,2003,2008,1,2,0
220000,8814,3,660,5,7,"1Fam",2006,2006,2009,1,3,0
231500,12435,3,564,5,7,"1Fam",2001,2001,2008,1,2,0
97000,12702,2,308,5,5,"1Fam",1956,1956,2008,0,1,0
176000,19296,3,884,5,6,"1Fam",1962,1962,2009,0,2,0
276000,9588,3,868,5,8,"1Fam",2007,2007,2007,1,2,0
151000,8471,3,492,7,6,"1Fam",1977,1995,2006,0,2,0
130000,5500,3,484,7,5,"1Fam",1929,2001,2010,0,2,0
73000,5232,2,504,5,5,"1Fam",1925,2004,2008,0,1,0
175500,12090,3,576,6,6,"1Fam",1981,1981,2008,0,2,0
185000,11207,3,413,5,6,"1Fam",1997,1997,2006,1,3,0
179500,8400,4,240,8,5,"1Fam",1939,1997,2008,1,2,0
120500,6900,2,924,6,5,"1Fam",1940,1955,2008,0,1,0
148000,7917,3,504,7,6,"1Fam",1976,1976,2007,1,2,0
266000,10728,3,1053,5,8,"1Fam",2006,2006,2006,1,2,0
241500,39104,2,439,7,7,"1Fam",1954,2005,2008,0,2,0
290000,11764,4,671,7,8,"1Fam",1999,2007,2010,1,2,0
139000,9600,3,338,6,6,"1Fam",1958,1988,2009,0,3,0
124500,8314,2,264,7,5,"1Fam",1982,1982,2007,0,1,0
205000,7264,3,672,7,7,"1Fam",1925,2007,2009,1,2,0
201000,9196,3,573,5,7,"1Fam",2003,2003,2010,0,2,0
141000,19138,2,400,5,4,"1Fam",1951,1951,2010,0,1,0
415298,14450,3,732,5,9,"1Fam",2006,2007,2007,1,2,0
192000,10005,4,505,5,7,"1Fam",1977,1977,2008,1,2,0
228500,11287,3,575,6,7,"1Fam",1989,1989,2007,1,2,0
185000,7200,2,572,5,6,"1Fam",2006,2006,2006,0,2,0
207500,5063,2,626,5,7,"Twnhs",2007,2008,2009,0,3,0
244600,9612,3,898,5,8,"1Fam",2008,2009,2009,0,2,0
179200,8012,2,529,5,6,"TwnhsE",1992,1992,2007,0,3,0
164700,4251,2,528,5,7,"TwnhsE",2006,2007,2007,1,2,0
159000,9786,3,440,7,6,"1Fam",1962,1981,2006,1,1,0
88000,8125,3,0,4,4,"1Fam",1971,1971,2006,0,1,1
122000,9819,3,280,5,5,"1Fam",1967,1967,2010,0,1,0
153575,8730,3,384,7,6,"1Fam",1915,2003,2007,0,1,0
233230,15611,3,685,5,8,"1Fam",2006,2006,2006,1,2,0
135900,5687,6,0,6,5,"2fmCon",1912,2000,2008,0,3,1
131000,11409,3,281,4,5,"1Fam",1949,2008,2009,1,1,0
235000,16659,3,539,7,7,"1Fam",1977,1994,2006,1,3,0
167000,9600,3,418,5,6,"1Fam",1953,1953,2009,0,2,0
142500,7937,3,588,6,6,"1Fam",1984,1984,2006,0,2,0
152000,13710,4,282,5,5,"1Fam",1950,1950,2007,1,1,0
239000,7399,3,576,5,7,"1Fam",1997,1998,2007,1,2,0
175000,11700,3,539,6,6,"1Fam",1968,1968,2007,3,1,0
158500,14000,3,300,8,6,"1Fam",1950,2004,2009,1,1,0
157000,15750,2,375,5,5,"2fmCon",1953,1953,2006,0,2,0
267000,16226,4,683,5,8,"1Fam",1998,1999,2007,1,2,0
205000,13704,3,843,5,7,"1Fam",2001,2002,2006,0,2,0
149900,9800,3,552,7,5,"1Fam",1972,1972,2006,0,2,0
295000,18386,3,870,9,7,"1Fam",1880,2002,2008,0,3,0
305900,10386,3,888,5,8,"1Fam",2004,2005,2007,0,3,0
225000,13474,4,746,5,7,"1Fam",1990,1991,2007,1,3,0
89500,7920,3,0,7,6,"1Fam",1920,1950,2008,0,1,1
82500,12342,1,539,5,4,"1Fam",1940,1950,2009,0,1,0
360000,12378,3,708,5,9,"1Fam",2003,2004,2006,0,3,0
165600,7685,3,420,5,6,"1Fam",1993,1994,2006,1,2,0
132000,8000,2,240,6,6,"1Fam",1948,2002,2009,0,2,0
119900,7800,3,410,7,5,"2fmCon",1939,1950,2006,0,2,0
375000,215245,3,513,5,7,"1Fam",1965,1965,2009,0,4,0
178000,9600,3,546,7,7,"1Fam",1925,1990,2006,2,1,0
188500,7795,3,432,5,7,"1Fam",2004,2005,2009,1,3,0
260000,13005,4,484,7,7,"1Fam",1980,1980,2009,1,3,0
270000,9000,3,1025,5,8,"1Fam",2006,2006,2007,1,2,0
260000,9900,4,656,5,7,"1Fam",1993,1993,2009,1,3,0
187500,14115,3,588,5,7,"1Fam",1980,1980,2009,0,3,0
342643,16259,4,840,5,9,"1Fam",2006,2006,2006,1,3,0
354000,12099,4,872,5,8,"1Fam",2004,2004,2007,1,3,0
301000,10380,4,576,5,7,"1Fam",1986,1987,2007,1,3,0
126175,5820,3,220,8,3,"1Fam",1955,2005,2006,0,2,0
242000,11275,5,564,7,7,"1Fam",1967,2007,2010,1,2,0
87000,5000,2,360,6,5,"1Fam",1941,1950,2007,0,1,0
324000,10846,1,473,5,8,"TwnhsE",1993,1993,2008,1,3,0
145250,11600,3,292,5,6,"1Fam",1960,1960,2006,1,1,0
214500,11888,5,441,6,6,"1Fam",1916,1994,2009,0,2,0
78000,6402,3,189,5,5,"1Fam",1920,1950,2009,0,1,0
119000,10624,6,352,4,5,"Duplex",1964,1964,2007,1,2,0
139000,8176,3,308,6,5,"1Fam",1958,1992,2007,0,2,0
284000,10655,3,880,5,8,"1Fam",2003,2004,2009,0,3,0
207000,8198,2,484,5,7,"TwnhsE",2004,2004,2008,0,3,0
192000,9042,3,472,5,6,"1Fam",1998,1998,2008,1,3,0
228950,164660,3,529,6,5,"2fmCon",1965,1965,2008,0,4,0
377426,14157,3,676,5,9,"1Fam",2005,2006,2007,0,3,0
214000,9135,3,532,5,7,"1Fam",2002,2003,2008,0,3,0
202500,14145,3,440,7,7,"1Fam",1984,1998,2006,0,3,0
155000,12400,3,297,7,6,"1Fam",1958,1998,2009,0,1,0
202900,14191,4,431,5,8,"1Fam",2002,2002,2010,1,2,0
82000,8400,2,294,4,4,"1Fam",1950,1950,2009,0,1,0
87500,8544,2,400,4,3,"Duplex",1949,1950,2006,0,2,0
266000,8849,2,564,5,9,"TwnhsE",2005,2005,2008,0,2,0
85000,2592,3,336,3,5,"TwnhsE",1976,1976,2010,1,1,0
140200,6435,3,312,5,6,"1Fam",1939,1950,2006,0,1,0
151500,12772,2,301,8,6,"1Fam",1960,1998,2007,0,1,0
157500,17600,3,498,5,6,"1Fam",1960,1960,2009,0,3,0
154000,2448,2,474,5,7,"Twnhs",2003,2004,2008,1,3,0
437154,20431,4,706,5,9,"1Fam",2005,2006,2006,1,3,0
318061,7820,2,617,5,9,"TwnhsE",2007,2007,2007,0,2,0
190000,5271,2,445,5,7,"1Fam",1986,1986,2006,1,2,0
95000,9084,3,200,6,5,"1Fam",1941,1950,2008,1,1,0
105900,8520,2,484,8,6,"1Fam",1928,2003,2010,0,1,0
140000,8400,2,240,5,6,"1Fam",1940,2000,2006,0,1,0
177500,11249,3,521,5,6,"1Fam",1995,1995,2007,0,3,0
173000,9248,3,400,6,6,"1Fam",1992,1992,2009,0,3,0
134000,4224,3,528,5,5,"TwnhsE",1976,1976,2007,1,2,0
130000,6930,3,288,4,5,"1Fam",1958,1958,2006,1,1,0
280000,12011,3,592,5,8,"1Fam",1998,1998,2006,1,3,0
156000,7540,2,470,6,6,"1Fam",1978,1978,2007,0,2,0
145000,9144,3,240,5,5,"1Fam",1940,1982,2008,0,2,0
198500,7301,4,672,5,7,"1Fam",2003,2003,2009,0,3,0
118000,1680,2,264,8,6,"Twnhs",1972,2007,2009,1,1,0
190000,18800,3,566,5,6,"1Fam",1976,1976,2006,1,3,0
147000,10690,3,468,7,5,"1Fam",1920,1997,2009,0,1,0
159000,9500,3,514,5,6,"1Fam",1963,1963,2009,1,2,0
165000,9150,3,296,5,6,"1Fam",1962,1962,2008,1,1,0
132000,7800,2,244,6,5,"1Fam",1954,1954,2010,0,1,0
162000,9830,3,576,7,5,"1Fam",1959,2006,2010,0,2,0
172400,8121,3,460,5,6,"1Fam",2000,2000,2006,1,2,0
134432,17120,4,680,4,4,"1Fam",1959,1959,2008,0,2,0
125000,7175,2,264,5,6,"TwnhsE",1984,1984,2010,0,2,0
123000,10634,3,270,6,5,"1Fam",1953,1953,2009,0,2,0
219500,8200,4,434,5,7,"1Fam",2003,2004,2007,1,2,0
61000,10020,1,0,1,1,"1Fam",1922,1950,2009,1,1,1
148000,8846,2,576,5,5,"1Fam",1996,1996,2006,0,1,0
340000,11143,4,610,5,8,"1Fam",2004,2005,2007,0,3,0
394432,11394,1,834,2,9,"1Fam",2010,2010,2010,1,2,0
179000,8123,3,463,5,6,"1Fam",2000,2000,2009,1,2,0
127000,5000,3,308,6,5,"1Fam",1924,1950,2010,0,2,0
187750,7200,2,572,5,7,"1Fam",2006,2006,2006,0,3,0
213500,9245,3,639,5,7,"1Fam",2006,2006,2007,1,2,0
76000,9000,2,360,3,6,"1Fam",1928,1950,2009,0,1,0
240000,53107,3,501,5,6,"1Fam",1992,1992,2007,1,3,0
192000,3182,2,430,5,8,"TwnhsE",2004,2005,2010,0,2,0
81000,8410,5,0,3,5,"1Fam",1910,1996,2006,0,1,1
125000,7200,3,352,6,6,"1Fam",1976,1976,2009,0,2,0
191000,9382,3,577,5,7,"1Fam",1999,2000,2008,0,2,0
426000,12474,3,846,5,10,"1Fam",2007,2008,2008,1,3,0
119000,8405,4,384,8,5,"1Fam",1900,1950,2008,0,2,0
215000,12209,3,560,5,6,"1Fam",2001,2002,2009,1,3,0
106500,8339,3,294,7,5,"1Fam",1959,1959,2007,0,1,0
100000,7446,2,0,5,4,"1Fam",1941,1950,2006,0,1,1
109000,10134,2,240,6,5,"1Fam",1940,1950,2007,0,1,0
129000,9571,3,596,6,5,"1Fam",1956,1956,2010,0,2,0
123000,7200,2,600,5,5,"1Fam",1972,1972,2009,0,1,0
169500,7590,4,264,5,5,"1Fam",1962,1962,2007,0,2,0
67000,8967,2,338,2,5,"1Fam",1920,1950,2007,0,1,0
241000,8125,2,438,5,7,"1Fam",2006,2007,2009,0,3,0
245500,14963,1,500,5,8,"TwnhsE",1996,1996,2008,1,2,0
164990,8767,3,400,5,7,"1Fam",2005,2005,2006,0,2,0
108000,10200,2,240,8,5,"1Fam",1940,1997,2008,0,1,0
258000,12090,4,420,5,8,"1Fam",1998,1998,2006,1,2,0
168000,10364,3,373,5,6,"1Fam",1995,1996,2007,1,2,0
150000,9991,3,490,4,4,"1Fam",1976,1993,2009,0,3,0
115000,10480,3,240,5,6,"1Fam",1936,1950,2008,0,1,0
177000,15576,4,308,7,6,"1Fam",1915,1976,2008,0,2,0
280000,14154,3,947,5,7,"1Fam",2006,2006,2007,1,2,0
339750,10800,3,836,5,8,"1Fam",2007,2008,2008,1,3,0
60000,9571,3,350,3,5,"1Fam",1958,1958,2009,0,1,0
145000,34650,3,572,5,5,"2fmCon",1955,1955,2006,0,2,0
222000,4403,2,484,5,7,"1Fam",2009,2009,2010,1,3,0
115000,8960,2,360,6,5,"1Fam",1927,1950,2010,0,1,0
228000,11228,3,678,5,7,"1Fam",1993,1993,2008,2,2,0
181134,8899,3,396,5,7,"1Fam",2007,2007,2007,0,2,0
149500,7844,3,440,7,6,"1Fam",1978,1978,2006,1,1,0
239000,22420,4,864,6,6,"1Fam",1918,1950,2007,1,3,0
126000,8160,3,240,6,5,"1Fam",1940,1950,2007,1,2,0
142000,8450,3,304,6,5,"1Fam",1968,1968,2010,0,2,0
206300,7060,2,784,5,7,"Duplex",1997,1998,2008,0,4,0
215000,16635,3,529,7,6,"1Fam",1977,2000,2009,1,2,0
113000,21750,2,520,5,5,"1Fam",1954,1954,2008,0,1,0
315000,9200,4,696,5,8,"1Fam",1998,1998,2008,1,3,0
139000,9000,2,297,5,6,"1Fam",1956,1956,2008,0,2,0
135000,3378,3,240,8,7,"1Fam",1946,1992,2009,1,1,0
275000,12800,2,569,5,7,"1Fam",1989,1989,2009,1,3,0
109008,8593,3,352,6,4,"1Fam",1957,1957,2008,0,1,0
195400,6762,2,628,5,7,"1Fam",2007,2007,2007,0,3,0
175000,11457,3,576,5,6,"1Fam",1988,1988,2009,0,3,0
85400,1680,2,264,5,6,"Twnhs",1971,1971,2008,1,1,0
79900,5586,4,0,7,6,"1Fam",1920,1998,2008,0,1,1
122500,1920,2,440,5,5,"TwnhsE",1971,1971,2007,1,2,0
181000,10839,3,470,5,6,"1Fam",1997,1998,2008,1,2,0
81000,1890,1,0,7,4,"Twnhs",1972,1972,2008,0,2,1
212000,10667,3,550,6,7,"1Fam",1996,1996,2009,1,3,0
116000,4400,2,440,8,6,"1Fam",1920,1950,2006,0,1,0
119000,6000,2,180,7,6,"1Fam",1926,2004,2009,0,1,0
90350,4280,2,352,6,5,"1Fam",1913,2002,2007,0,1,0
110000,12354,3,528,8,6,"1Fam",1920,2000,2009,0,1,0
555000,15431,2,672,5,10,"1Fam",2008,2008,2009,0,3,0
118000,12108,4,0,4,4,"Duplex",1955,1955,2008,0,2,1
162900,6240,3,360,7,5,"1Fam",1930,1992,2008,0,2,0
172500,3922,2,648,5,7,"TwnhsE",2006,2007,2007,0,2,0
210000,8750,4,493,5,7,"1Fam",1994,1995,2008,1,3,0
127500,9855,3,480,5,6,"1Fam",1956,1956,2009,0,1,0
190000,16492,2,578,6,6,"1Fam",1966,2002,2010,1,2,0
199900,11214,4,431,5,7,"1Fam",1998,1999,2006,1,2,0
119500,8600,3,198,6,6,"1Fam",1937,1950,2006,0,2,0
120000,6000,2,308,7,3,"1Fam",1948,2002,2007,1,1,0
110000,5684,2,270,8,6,"1Fam",1930,2005,2006,0,1,0
280000,70761,2,576,5,7,"1Fam",1975,1975,2006,0,3,0
204000,9303,3,422,5,6,"1Fam",1996,1997,2007,1,3,0
210000,9000,3,676,5,8,"1Fam",2008,2008,2009,1,2,0
188000,9297,4,560,5,5,"Duplex",1976,1976,2006,0,4,0
175500,9600,3,528,6,7,"1Fam",1973,1973,2007,1,1,0
98000,4571,4,513,5,5,"1Fam",1916,1950,2008,0,1,0
256000,53227,2,529,6,4,"1Fam",1954,1994,2008,0,2,0
161000,5100,3,228,7,8,"1Fam",1925,1996,2008,0,1,0
110000,7015,3,352,4,5,"1Fam",1950,1950,2009,0,2,0
263435,8004,3,552,5,8,"1Fam",2009,2009,2009,1,3,0
155000,7200,3,576,9,7,"1Fam",1936,2007,2009,0,2,0
62383,8281,3,360,5,5,"1Fam",1965,1965,2009,0,1,0
188700,11988,3,240,7,6,"1Fam",1934,1995,2008,1,1,0
124000,8430,3,0,5,5,"1Fam",1978,1978,2009,0,2,1
178740,3072,2,398,5,7,"TwnhsE",2004,2004,2006,0,2,0
167000,10628,2,526,5,7,"1Fam",1970,1970,2007,0,2,0
146500,9480,3,312,7,5,"1Fam",1942,1995,2007,1,1,0
250000,11428,3,866,5,8,"1Fam",2006,2006,2007,0,2,0
187000,9291,3,506,5,6,"1Fam",1993,1993,2008,1,2,0
212000,6820,1,528,5,8,"TwnhsE",1985,1985,2010,1,2,0
190000,11952,3,534,6,7,"1Fam",1977,1977,2007,1,2,0
148000,3675,2,525,5,6,"TwnhsE",2005,2005,2008,0,2,0
440000,14977,2,908,5,8,"1Fam",2006,2007,2007,0,3,0
251000,5330,2,499,5,8,"TwnhsE",2000,2000,2007,0,3,0
132500,8480,2,624,6,5,"1Fam",1963,1963,2007,0,2,0
208900,13125,3,508,5,6,"1Fam",1997,1998,2008,0,3,0
380000,13693,3,694,5,9,"1Fam",2006,2006,2007,1,2,0
297000,10637,3,826,5,8,"1Fam",2007,2008,2009,0,3,0
89471,5925,2,672,7,4,"1Fam",1937,2000,2007,0,1,0
326000,16033,3,772,5,9,"1Fam",2004,2005,2006,0,3,0
374000,11846,2,874,5,9,"1Fam",2003,2004,2006,0,3,0
155000,2500,4,164,8,7,"1Fam",1915,2005,2009,1,2,0
164000,4500,2,402,5,6,"Twnhs",1998,1998,2006,0,3,0
132500,7758,3,264,7,5,"1Fam",1962,2001,2007,0,2,0
147000,9600,3,264,7,5,"1Fam",1950,2007,2009,0,1,0
156000,10289,3,515,7,5,"1Fam",1965,1965,2007,1,2,0
175000,12243,3,487,6,5,"1Fam",1971,1971,2007,0,2,0
160000,10800,3,520,4,5,"2fmCon",1900,1970,2006,0,2,0
86000,1526,1,286,8,4,"Twnhs",1970,2002,2009,0,2,0
115000,2665,3,336,6,5,"TwnhsE",1976,1976,2008,1,1,0
133000,9490,3,240,7,6,"1Fam",1941,1950,2006,0,2,0
172785,15578,3,429,5,6,"1Fam",2006,2006,2006,1,2,0
155000,7931,3,308,6,5,"1Fam",1960,1960,2008,1,1,0
91300,5784,2,273,8,5,"1Fam",1938,1996,2009,0,1,0
34900,7879,2,0,5,4,"1Fam",1920,1950,2009,0,1,1
430000,12692,4,546,5,8,"1Fam",1992,1993,2007,0,4,0
184000,9120,4,240,6,7,"1Fam",1925,1950,2008,0,3,0
130000,7800,3,288,7,5,"1Fam",1967,2004,2009,0,1,0
120000,7535,2,297,7,5,"1Fam",1958,1985,2007,1,1,0
113000,1890,3,264,5,6,"Twnhs",1973,1973,2007,1,1,0
226700,9803,3,603,5,7,"1Fam",2005,2005,2008,1,2,0
140000,9170,2,461,7,5,"1Fam",1965,1965,2007,0,2,0
289000,15602,1,484,8,7,"1Fam",1959,1997,2010,0,3,0
147000,2308,3,440,5,6,"TwnhsE",1974,1974,2009,2,2,0
124500,7596,4,400,5,5,"Duplex",1952,1952,2009,0,2,0
215000,9554,3,471,5,8,"1Fam",1993,1994,2006,1,2,0
208300,7862,2,676,5,6,"1Fam",2009,2009,2009,0,2,0
161000,9600,3,360,9,7,"1Fam",1928,2005,2008,0,2,0
124500,9600,3,270,6,5,"1Fam",1959,1959,2009,0,2,0
164900,14559,2,288,7,5,"1Fam",1951,2000,2009,0,2,0
202665,6792,2,474,5,7,"TwnhsE",2005,2006,2006,0,2,0
129900,9100,3,624,5,5,"1Fam",1958,1958,2006,0,2,0
134000,9187,3,484,5,6,"1Fam",1983,1983,2007,1,1,0
96500,10594,2,200,5,5,"1Fam",1926,1950,2007,0,1,0
402861,12220,3,900,5,10,"1Fam",2009,2009,2009,1,3,0
158000,10448,3,583,6,6,"1Fam",1972,1972,2009,1,2,0
265000,10208,3,889,5,7,"1Fam",1996,1997,2009,1,2,0
211000,9531,3,546,5,6,"1Fam",1998,1998,2007,1,3,0
234000,10918,3,282,9,7,"1Fam",1926,2004,2009,1,1,0
106250,10800,3,0,7,4,"2fmCon",1900,2000,2008,0,2,1
150000,11988,3,336,6,6,"1Fam",1957,1957,2007,1,1,0
159000,5000,3,420,7,6,"1Fam",1947,1950,2006,0,2,0
184750,40094,3,884,5,10,"1Fam",2007,2008,2007,1,4,0
315750,11787,3,834,5,7,"1Fam",1996,1997,2007,1,3,0
176000,7500,3,453,5,7,"1Fam",2005,2005,2006,0,2,0
132000,13300,2,252,7,5,"1Fam",1956,2000,2007,0,1,0
446261,14948,3,858,5,9,"1Fam",2008,2008,2008,1,3,0
86000,9098,2,0,7,4,"1Fam",1920,2002,2007,0,2,1
200624,32668,4,484,3,6,"1Fam",1957,1975,2007,0,4,0
175000,10200,3,600,5,6,"1Fam",1988,1989,2008,0,3,0
128000,6155,3,502,8,6,"1Fam",1920,1999,2008,0,2,0
107500,7200,2,392,7,5,"1Fam",1955,2007,2010,0,1,0
39300,5000,1,0,3,1,"1Fam",1946,1950,2007,0,1,1
178000,9056,3,403,5,8,"1Fam",2004,2004,2006,1,2,0
107500,7000,3,0,7,5,"2fmCon",1910,1991,2008,0,2,1
188000,8924,3,527,5,7,"1Fam",1998,1999,2008,1,2,0
111250,12735,3,576,5,4,"1Fam",1972,1972,2008,0,1,0
158000,11553,3,336,5,5,"1Fam",1968,1968,2006,1,1,0
272000,11423,3,670,5,8,"1Fam",2001,2002,2010,0,3,0
315000,14601,2,765,5,9,"1Fam",2006,2006,2009,0,3,0
248000,11000,4,648,5,8,"1Fam",2000,2000,2007,1,2,0
213250,10140,3,583,5,7,"1Fam",1998,1999,2009,0,3,0
133000,4058,1,367,5,7,"TwnhsE",1998,1998,2007,0,2,0
179665,17104,3,426,5,7,"1Fam",2006,2006,2006,1,3,0
229000,13837,4,786,5,7,"1Fam",1988,1988,2006,1,2,0
210000,8737,3,440,7,6,"1Fam",1923,1950,2007,1,1,0
129500,7244,2,624,7,5,"1Fam",1970,1970,2007,0,2,0
125000,8235,2,720,7,5,"1Fam",1955,1995,2008,0,2,0
263000,9375,4,615,5,7,"1Fam",2003,2004,2009,1,2,0
140000,4043,2,440,6,6,"TwnhsE",1977,1977,2008,0,2,0
112500,6000,3,288,6,5,"1Fam",1957,1957,2008,0,1,0
255500,11146,3,908,5,8,"1Fam",2006,2006,2009,0,2,0
108000,8777,2,520,5,4,"1Fam",1949,2003,2009,0,2,0
284000,10625,3,871,5,7,"1Fam",2003,2004,2008,1,3,0
113000,6380,2,280,6,5,"1Fam",1922,1950,2006,0,1,0
141000,14850,2,299,5,5,"1Fam",1957,1957,2006,0,2,0
108000,11040,3,570,6,4,"1Fam",1920,1950,2006,1,1,0
175000,21872,3,406,5,7,"1Fam",1996,1997,2008,2,2,0
234000,3196,2,420,5,7,"TwnhsE",2003,2004,2006,0,2,0
121500,11341,3,528,6,5,"1Fam",1957,1996,2010,1,2,0
170000,10010,2,418,5,5,"1Fam",1974,1975,2006,0,2,0
108000,13907,3,0,6,5,"1Fam",1940,1969,2008,0,2,1
185000,21780,4,396,7,6,"1Fam",1918,1950,2008,0,2,0
268000,13346,4,590,5,7,"1Fam",1992,2000,2006,1,3,0
128000,6858,4,216,4,6,"1Fam",1915,1950,2010,1,2,0
325000,11198,4,656,5,9,"1Fam",2005,2007,2008,1,2,0
214000,10171,3,532,5,7,"1Fam",2004,2004,2010,0,2,0
316600,12327,1,612,8,8,"1Fam",1983,2009,2009,1,2,0
135960,7032,2,600,5,5,"Duplex",1979,1979,2006,0,2,0
142600,13101,6,576,5,5,"Duplex",1965,1965,2008,0,2,0
120000,7332,2,288,6,6,"1Fam",1959,1959,2006,0,2,0
224500,13159,3,650,5,7,"1Fam",2009,2009,2009,1,2,0
170000,9967,3,400,5,7,"1Fam",2000,2000,2007,1,2,0
139000,10500,3,288,7,5,"1Fam",1971,2005,2007,1,1,0
118500,8480,2,336,5,5,"1Fam",1947,1950,2008,0,1,0
145000,6292,3,216,7,7,"1Fam",1928,1950,2009,1,2,0
164500,11777,3,564,6,5,"1Fam",1966,1966,2006,0,2,0
146000,3604,2,540,5,7,"TwnhsE",2007,2007,2008,0,2,0
131500,12150,4,352,5,5,"1Fam",1954,1954,2008,0,2,0
181900,14585,3,572,6,6,"1Fam",1960,1987,2007,1,1,0
253293,12704,3,1390,5,8,"1Fam",2008,2009,2009,1,2,0
118500,11841,3,0,5,6,"Duplex",1990,1990,2007,0,2,1
325000,13500,3,880,9,10,"1Fam",1893,2000,2008,1,3,0
133000,6120,3,240,7,4,"1Fam",1935,1995,2009,0,1,0
369900,11443,2,880,5,8,"1Fam",2005,2006,2006,0,3,0
130000,10267,2,275,7,6,"1Fam",1918,2000,2008,0,2,0
137000,8740,2,528,6,5,"1Fam",1982,1982,2009,0,2,0
143000,25095,1,452,8,5,"1Fam",1968,2003,2009,0,3,0
79500,9100,2,308,6,5,"1Fam",1930,1960,2008,0,1,0
185900,8320,3,520,5,7,"1Fam",2004,2004,2008,1,2,0
451950,13478,3,842,5,10,"1Fam",2008,2008,2009,1,3,0
138000,6600,2,816,8,5,"1Fam",1982,2003,2008,0,2,0
140000,4435,1,420,5,6,"TwnhsE",2003,2003,2009,0,2,0
110000,7990,3,280,6,5,"1Fam",1975,1975,2008,0,1,0
319000,11302,3,758,5,8,"1Fam",2005,2006,2006,0,3,0
114504,3600,3,216,7,6,"1Fam",1910,1993,2006,0,1,0
194201,3922,2,648,5,7,"TwnhsE",2006,2007,2007,4,0,0
217500,12984,3,621,6,5,"1Fam",1977,1977,2006,0,3,0
151000,1950,3,452,6,6,"Twnhs",1980,1980,2008,1,3,0
275000,10927,3,736,5,8,"1Fam",2005,2005,2006,1,3,0
141000,9000,3,544,6,6,"1Fam",1937,1950,2007,1,1,0
220000,10041,3,506,5,8,"1Fam",1992,1992,2006,1,3,0
151000,3182,2,480,5,7,"TwnhsE",2004,2005,2010,1,2,0
221000,12803,3,530,5,7,"1Fam",2002,2002,2008,0,3,0
205000,13600,3,486,6,7,"1Fam",1965,1990,2009,1,2,0
152000,12464,3,576,5,5,"1Fam",1996,1996,2009,0,2,0
225000,7800,3,230,8,5,"1Fam",1948,2002,2006,0,4,0
359100,12168,4,380,6,8,"1Fam",1934,1998,2007,1,2,0
118500,7943,3,261,5,4,"1Fam",1961,1961,2007,0,2,0
313000,11050,3,736,5,9,"1Fam",2000,2000,2009,1,3,0
148000,10395,3,564,6,6,"1Fam",1978,1978,2007,1,2,0
261500,11885,3,531,5,8,"1Fam",2001,2001,2009,1,3,0
147000,8402,3,0,5,5,"1Fam",2007,2007,2007,0,1,1
75500,1491,1,0,6,4,"TwnhsE",1972,1972,2010,0,2,1
137500,8800,3,480,7,6,"1Fam",1963,1963,2010,0,2,0
183200,7861,3,393,5,6,"1Fam",2002,2003,2006,1,3,0
105500,7227,2,528,6,6,"1Fam",1954,1954,2008,0,1,0
314813,11694,3,774,5,9,"1Fam",2007,2007,2007,0,2,0
305000,12244,4,749,5,8,"1Fam",2003,2003,2008,1,3,0
67000,8248,2,0,3,3,"1Fam",1914,1950,2008,0,2,1
240000,10800,4,624,7,6,"1Fam",1974,1997,2008,1,2,0
135000,7064,3,484,6,5,"1Fam",1977,1977,2009,0,1,0
168500,2117,2,440,5,6,"TwnhsE",2000,2000,2007,1,2,0
165150,10400,4,484,5,6,"1Fam",1972,1972,2006,2,2,0
160000,10000,3,440,6,6,"1Fam",1962,1962,2010,1,1,0
139900,12342,3,286,5,5,"1Fam",1960,1978,2007,0,1,0
153000,9600,3,364,6,6,"1Fam",1955,1972,2010,0,2,0
135000,11606,5,504,5,5,"1Fam",1969,1969,2007,3,1,0
168500,9020,3,520,5,6,"1Fam",1964,1964,2008,1,2,0
124000,9000,3,240,6,5,"1Fam",1880,1991,2006,0,1,0
209500,4590,2,627,5,8,"Twnhs",2006,2006,2007,0,2,0
82500,11900,3,544,5,7,"1Fam",1977,1977,2009,0,2,0
139400,9250,3,260,7,5,"1Fam",1954,2005,2007,1,1,0
144000,6979,0,576,5,6,"Duplex",1980,1980,2010,0,2,0
200000,10896,8,0,7,6,"2fmCon",1914,1995,2007,0,2,1
60000,6120,1,0,3,2,"1Fam",1936,1950,2009,0,1,1
93000,6000,3,256,4,5,"2fmCon",1954,1954,2009,0,2,0
85000,8777,2,0,7,5,"1Fam",1910,1950,2008,0,1,1
264561,3982,1,648,5,8,"TwnhsE",2006,2006,2006,0,3,0
274000,12677,1,588,5,8,"TwnhsE",2003,2004,2008,1,1,0
226000,7050,3,650,5,7,"1Fam",2001,2001,2007,1,3,0
345000,13860,4,538,7,8,"1Fam",1972,1995,2009,1,3,0
152000,10793,4,462,5,5,"1Fam",1969,1969,2007,1,2,0
370878,9187,2,478,5,9,"1Fam",2009,2009,2009,1,3,0
143250,10530,3,576,5,6,"1Fam",1971,1971,2007,1,2,0
98300,7200,3,420,5,5,"1Fam",1950,1950,2008,0,1,0
155000,10452,3,495,5,6,"1Fam",1953,1953,2008,0,1,0
155000,7700,4,442,5,6,"1Fam",1966,1966,2010,1,1,0
84500,1936,1,0,6,4,"Twnhs",1970,1970,2007,0,2,1
205950,8125,3,562,6,7,"1Fam",2007,2007,2008,1,2,0
108000,9084,4,296,5,4,"1Fam",1940,1950,2009,0,2,0
191000,8750,2,512,5,7,"1Fam",1996,1996,2009,1,2,0
135000,10320,3,216,7,6,"1Fam",1906,1995,2008,0,1,0
350000,10437,2,839,6,8,"1Fam",1995,1995,2008,1,3,0
88000,1680,3,264,5,6,"Twnhs",1971,1971,2010,1,1,0
145500,10007,3,312,7,5,"1Fam",1959,2006,2008,1,2,0
149000,7200,3,270,6,7,"1Fam",1931,2000,2008,1,1,0
97500,17503,3,330,5,6,"1Fam",1948,1950,2010,1,1,0
167000,9937,3,480,7,5,"1Fam",1964,1999,2009,0,2,0
197900,12384,3,550,7,7,"1Fam",1976,1976,2007,1,2,0
402000,46589,4,711,7,8,"1Fam",1994,2005,2009,1,3,0
110000,13560,2,576,3,6,"1Fam",1968,1968,2009,0,2,0
137500,10012,3,588,5,4,"1Fam",1972,1972,2008,0,3,0
423000,20896,1,1134,5,8,"1Fam",2005,2006,2006,1,2,0
230500,11194,3,504,5,8,"1Fam",2000,2000,2006,1,2,0
129000,18450,3,596,5,6,"1Fam",1965,1979,2007,1,2,0
193500,8125,3,575,5,6,"1Fam",1994,1998,2008,0,3,0
168000,14175,3,576,6,5,"1Fam",1956,1987,2006,1,2,0
137500,11600,2,252,5,4,"1Fam",1922,1950,2006,0,1,0
173500,8633,3,540,5,6,"1Fam",2005,2005,2009,1,3,0
103600,6629,3,300,6,6,"1Fam",1925,1950,2009,0,3,0
165000,11250,3,546,6,6,"1Fam",1977,1977,2006,1,2,0
257500,14442,3,416,7,6,"1Fam",1957,2004,2007,0,3,0
140000,9200,3,384,6,6,"1Fam",1965,1965,2008,0,2,0
148500,2289,3,440,6,6,"Twnhs",1978,1978,2009,1,2,0
87000,9600,4,779,2,4,"1Fam",1900,1950,2006,0,3,0
109500,9022,2,240,8,5,"1Fam",1924,2006,2009,0,1,0
372500,11844,3,834,5,8,"1Fam",2008,2008,2009,1,2,0
128500,9945,3,572,5,5,"1Fam",1961,1961,2007,0,2,0
143000,8012,2,264,5,6,"TwnhsE",1980,1980,2010,0,2,0
159434,4500,3,281,5,5,"1Fam",1932,2000,2009,0,1,0
173000,2887,2,431,5,6,"1Fam",1996,1997,2008,0,2,0
285000,11248,3,702,5,9,"1Fam",2002,2002,2007,0,3,0
221000,16770,4,486,5,7,"1Fam",1998,1998,2010,1,2,0
207500,5062,3,577,5,7,"TwnhsE",1984,1984,2007,0,3,0
227875,10207,3,578,6,7,"1Fam",2007,2007,2007,0,3,0
148800,5105,2,480,5,7,"TwnhsE",2004,2004,2007,1,2,0
392000,8089,2,567,6,8,"1Fam",2007,2007,2007,0,3,0
194700,7577,2,460,5,6,"TwnhsE",2005,2006,2007,0,2,0
141000,4426,1,420,5,6,"TwnhsE",2004,2004,2008,0,2,0
755000,21535,4,832,6,10,"1Fam",1994,1995,2007,2,3,0
335000,26178,4,628,5,7,"1Fam",1989,1990,2006,1,3,0
108480,5400,2,326,6,5,"1Fam",1921,1968,2006,0,1,0
141500,6120,3,576,6,5,"1Fam",1936,1950,2009,1,1,0
176000,13811,2,551,6,6,"1Fam",1987,1987,2006,0,3,0
89000,6000,2,205,7,5,"1Fam",1921,1950,2006,0,1,0
123500,6420,2,308,7,5,"1Fam",1952,1952,2006,1,1,0
138500,8450,3,336,8,5,"1Fam",1965,2009,2010,0,2,0
196000,4282,2,530,5,7,"TwnhsE",2004,2004,2008,0,2,0
312500,14331,3,765,5,8,"1Fam",2002,2002,2006,0,3,0
140000,9600,3,528,5,7,"1Fam",1969,1969,2006,1,1,0
361919,12438,4,666,5,8,"1Fam",2006,2006,2006,1,2,0
140000,7630,4,672,9,5,"2fmCon",1900,1996,2010,0,2,0
213000,8400,3,606,5,7,"1Fam",2004,2005,2010,0,3,0
55000,5600,3,0,5,4,"2fmCon",1930,1950,2010,0,2,1
302000,115149,2,739,5,7,"1Fam",1971,2002,2007,0,3,0
254000,6240,2,550,5,8,"TwnhsE",2006,2006,2009,0,3,0
179540,9018,3,400,5,7,"1Fam",2007,2007,2007,1,2,0
109900,7162,3,408,7,5,"1Fam",1966,1966,2008,0,1,0
52000,4130,2,0,6,3,"1Fam",1935,2003,2008,0,1,1
102776,8712,2,384,7,4,"1Fam",1900,1950,2010,0,1,0
189000,4671,2,472,5,8,"TwnhsE",1988,1989,2008,0,3,0
129000,9873,3,576,5,4,"2fmCon",1970,1970,2006,0,2,0
130500,13517,3,475,8,6,"1Fam",1976,2005,2010,1,2,0
165000,10140,3,478,5,6,"1Fam",1974,1974,2009,0,2,0
159500,10800,3,704,8,7,"1Fam",1890,1998,2007,1,1,0
157000,10000,3,439,6,5,"1Fam",1973,2000,2008,2,1,0
341000,10542,3,983,5,7,"1Fam",1993,1994,2008,1,3,0
128500,9920,3,300,6,5,"1Fam",1969,1969,2006,1,1,0
275000,6563,2,564,5,8,"1Fam",1985,1985,2006,0,3,0
143000,4426,1,420,5,6,"TwnhsE",2004,2004,2010,0,2,0
124500,8120,3,463,7,4,"1Fam",1970,1970,2009,0,1,0
135000,8172,4,548,6,4,"1Fam",1954,1972,2008,0,2,0
320000,13286,3,768,5,9,"1Fam",2007,2008,2009,0,3,0
120500,6960,3,660,6,4,"1Fam",1970,1970,2009,0,1,0
222000,21695,3,540,9,6,"1Fam",1988,2007,2009,0,3,0
194500,7314,2,632,5,7,"1Fam",2007,2007,2009,0,3,0
110000,11475,4,888,5,5,"Duplex",1958,1958,2009,0,3,0
103000,6240,2,539,5,4,"1Fam",1925,1950,2009,0,1,0
236500,5389,2,608,5,8,"TwnhsE",1995,1996,2010,0,3,0
187500,9590,3,438,5,7,"1Fam",2003,2003,2007,0,3,0
222500,11404,3,541,5,7,"1Fam",1998,1999,2008,1,2,0
131400,10000,3,264,6,5,"1Fam",1961,1983,2009,0,2,0
108000,8978,3,300,5,5,"1Fam",1968,1968,2007,0,1,0
163000,10800,2,320,7,7,"1Fam",1914,1970,2006,1,1,0
93500,8544,2,400,4,3,"Duplex",1950,1950,2006,0,2,0
239900,10463,3,800,5,8,"1Fam",2005,2005,2006,1,2,0
179000,10800,3,0,5,5,"Duplex",1987,1988,2009,0,6,1
190000,9313,3,572,5,7,"1Fam",2004,2004,2009,1,2,0
132000,9600,2,360,7,5,"1Fam",1910,2002,2007,0,2,0
142000,6768,3,288,8,6,"1Fam",1961,1996,2008,1,2,0
179000,8450,3,539,5,7,"1Fam",2000,2001,2007,0,2,0
175000,12886,3,480,6,5,"1Fam",1963,1999,2009,1,2,0
180000,5395,2,462,5,8,"TwnhsE",1993,1993,2008,0,3,0
299800,8963,4,831,9,8,"1Fam",1976,1996,2008,2,3,0
236000,8795,4,554,5,7,"1Fam",2000,2000,2009,1,2,0
265979,11700,4,864,7,7,"1Fam",1880,2003,2009,1,1,0
260400,10593,3,527,5,7,"1Fam",1996,1996,2010,0,3,0
98000,8405,4,240,3,4,"1Fam",1945,1950,2009,0,2,0
96500,8800,3,0,7,4,"1Fam",1910,2004,2010,0,1,1
162000,7750,3,400,5,7,"1Fam",2003,2003,2007,1,2,0
217000,9236,3,576,5,6,"1Fam",1997,1997,2006,0,3,0
275500,10240,3,878,5,8,"1Fam",2005,2005,2006,1,2,0
156000,7930,3,440,8,6,"1Fam",1969,2005,2009,0,2,0
172500,3230,3,440,5,6,"TwnhsE",1999,1999,2009,1,2,0
212000,10769,3,578,5,8,"1Fam",2007,2007,2009,1,2,0
158900,11616,3,440,5,6,"1Fam",1978,1978,2010,1,2,0
179400,2280,3,440,5,7,"Twnhs",1999,1999,2008,1,2,0
290000,12257,4,752,5,8,"1Fam",1995,1995,2007,1,2,0
127500,9100,2,300,6,6,"1Fam",1959,1959,2009,0,1,0
100000,6911,2,440,5,5,"1Fam",1924,1950,2009,0,1,0
215200,8640,3,614,5,7,"1Fam",2009,2009,2010,1,2,0
337000,9430,3,856,5,8,"1Fam",1999,1999,2009,1,3,0
270000,9549,2,481,5,8,"TwnhsE",1995,1996,2006,1,2,0
264132,14587,2,592,5,9,"1Fam",2008,2008,2008,0,2,0
196500,10421,3,496,5,7,"1Fam",1988,1988,2010,1,2,0
160000,12508,4,423,7,6,"1Fam",1940,1985,2008,0,3,0
216837,9100,3,484,5,7,"1Fam",2004,2005,2006,0,2,0
538000,53504,4,841,5,8,"1Fam",2003,2003,2010,1,4,0
134900,7252,2,576,5,5,"1Fam",1982,1982,2009,0,2,0
102000,8877,2,396,5,4,"1Fam",1951,1951,2006,0,1,0
107000,7819,3,672,5,6,"1Fam",1976,1976,2010,0,2,0
114500,10150,2,275,5,5,"1Fam",1958,1958,2007,0,1,0
395000,14226,3,895,5,8,"1Fam",2006,2006,2007,0,2,0
162000,4500,2,412,5,6,"TwnhsE",1998,1998,2009,0,3,0
221500,11210,3,865,5,7,"1Fam",2005,2006,2006,0,2,0
142500,13350,3,440,5,5,"1Fam",1974,1974,2006,0,2,0
144000,8400,4,630,5,5,"Duplex",1977,1977,2007,0,2,0
135000,10530,2,504,5,6,"Duplex",1977,1977,2006,0,2,0
176000,7875,3,402,5,7,"1Fam",1995,1996,2007,0,2,0
175900,7153,3,484,5,6,"1Fam",1992,1992,2006,1,2,0
187100,16285,3,605,5,7,"1Fam",2001,2002,2009,0,2,0
165500,9101,1,602,6,5,"1Fam",1978,1978,2009,0,2,0
128000,6300,3,0,6,6,"1Fam",1914,2001,2008,0,2,1
161500,9790,3,457,5,6,"1Fam",1967,1967,2009,0,2,0
139000,10800,4,416,6,5,"1Fam",1915,1950,2010,0,3,0
233000,10142,4,618,5,7,"1Fam",2004,2004,2010,1,3,0
107900,6000,2,281,7,4,"1Fam",1954,2000,2008,0,1,0
187500,12205,5,444,8,6,"1Fam",1966,2007,2007,1,2,0
160200,3182,2,397,5,7,"TwnhsE",2005,2006,2009,0,2,0
146800,11333,3,539,5,6,"1Fam",1976,1976,2007,0,2,0
269790,9920,3,455,5,7,"1Fam",1996,1997,2007,1,3,0
225000,9158,3,474,5,8,"1Fam",2007,2007,2007,0,2,0
194500,10832,3,409,5,7,"1Fam",1994,1996,2008,1,2,0
171000,8400,3,476,6,6,"1Fam",1980,1981,2010,1,2,0
143500,8197,3,528,5,6,"1Fam",1977,1977,2007,1,1,0
110000,7677,2,240,5,5,"1Fam",1953,1953,2008,0,1,0
485000,13518,4,820,5,9,"1Fam",2008,2009,2009,1,3,0
175000,7200,3,240,7,5,"1Fam",1937,1950,2007,1,2,0
200000,12798,4,603,5,6,"1Fam",1997,1997,2008,1,3,0
109900,4800,2,440,7,4,"1Fam",1916,1990,2007,0,2,0
189000,8199,3,410,5,7,"1Fam",2005,2005,2008,1,3,0
582933,13891,4,1020,5,9,"1Fam",2008,2009,2009,1,3,0
118000,9000,2,286,5,5,"1Fam",1954,1954,2006,0,1,0
227680,12274,3,554,5,7,"1Fam",2008,2008,2008,0,2,0
135500,9750,3,384,5,5,"1Fam",1967,1967,2006,0,2,0
223500,21384,3,528,6,5,"1Fam",1923,2004,2009,1,3,0
159950,13400,3,484,5,5,"1Fam",1966,1966,2006,0,2,0
106000,8100,2,360,5,5,"1Fam",1898,1965,2009,0,2,0
181000,10140,3,484,6,6,"1Fam",1974,1999,2006,1,2,0
144500,4438,1,420,5,6,"TwnhsE",2004,2004,2008,0,2,0
55993,8712,2,504,5,5,"1Fam",1952,1952,2010,0,1,0
157900,9750,4,301,6,6,"1Fam",1958,1958,2007,1,1,0
116000,8248,3,280,7,5,"1Fam",1918,1950,2006,2,1,0
224900,12137,3,598,5,7,"1Fam",1998,1998,2010,0,2,0
137000,11425,2,275,6,5,"1Fam",1954,1954,2006,0,1,0
271000,13265,3,857,5,8,"1Fam",2002,2002,2008,0,3,0
155000,8816,3,440,7,6,"1Fam",1971,1971,2010,0,2,0
224000,6371,2,484,5,7,"TwnhsE",2009,2010,2010,0,3,0
183000,7226,3,595,5,7,"1Fam",2003,2003,2008,1,2,0
93000,6000,2,576,4,4,"2fmCon",1953,1953,2009,0,1,0
225000,12394,3,433,5,7,"1Fam",2003,2003,2007,1,2,0
139500,9900,3,240,7,6,"1Fam",1940,1950,2009,0,2,0
232600,11216,3,776,5,8,"1Fam",2006,2006,2006,0,2,0
385000,14803,2,1220,5,10,"1Fam",2007,2008,2008,0,3,0
109500,6130,2,0,6,5,"1Fam",1924,1950,2008,0,2,1
189000,8529,3,527,5,7,"1Fam",2001,2001,2009,0,2,0
185000,28698,3,538,5,5,"1Fam",1967,1967,2009,2,2,0
147400,2544,2,480,5,7,"Twnhs",2005,2005,2006,1,2,0
166000,11900,3,458,5,6,"1Fam",1957,1957,2008,1,2,0
151000,3180,2,480,5,7,"TwnhsE",2005,2005,2006,1,2,0
237000,9548,3,613,6,7,"1Fam",2003,2003,2010,1,3,0
167000,10004,3,472,6,6,"1Fam",1964,1964,2009,1,1,0
139950,7875,3,456,6,5,"1Fam",1961,1961,2008,0,2,0
128000,9600,2,436,7,4,"1Fam",1950,1995,2010,0,2,0
153500,8100,2,812,6,5,"1Fam",1948,1973,2007,0,2,0
100000,1680,2,264,5,6,"Twnhs",1973,1973,2008,1,2,0
144000,9525,3,352,6,5,"1Fam",1995,2006,2008,1,1,0
130500,11767,3,240,6,5,"1Fam",1946,1995,2008,0,1,0
140000,12155,4,400,8,6,"1Fam",1925,1950,2008,0,2,0
157500,10440,3,686,8,5,"1Fam",1904,2002,2008,0,2,0
174900,9020,3,490,7,6,"1Fam",1966,1966,2008,1,2,0
141000,8000,6,0,4,5,"Duplex",1961,1961,2007,0,2,1
153900,12665,4,720,8,5,"1Fam",1915,1950,2008,1,1,0
171000,16647,3,611,5,5,"1Fam",1975,1981,2007,0,3,0
213000,9317,3,425,5,7,"1Fam",1993,1993,2009,1,3,0
133500,15523,3,338,6,5,"1Fam",1972,1972,2009,0,2,0
240000,45600,5,360,8,6,"1Fam",1908,1997,2008,0,3,0
187000,9600,3,512,7,6,"1Fam",1976,1994,2007,1,2,0
131500,4435,1,420,5,6,"TwnhsE",2003,2003,2007,0,2,0
215000,3196,2,400,5,8,"TwnhsE",2003,2003,2006,0,2,0
164000,7128,4,240,5,7,"1Fam",1941,1950,2007,0,2,0
158000,12095,3,645,6,6,"1Fam",1964,1964,2009,1,1,0
170000,17920,3,454,4,5,"1Fam",1955,1974,2006,1,2,0
127000,6897,3,260,8,5,"1Fam",1962,2010,2010,1,2,0
147000,10970,3,576,6,6,"1Fam",1978,1978,2008,0,2,0
174000,8125,3,343,5,6,"1Fam",1994,1995,2009,1,2,0
152000,10400,3,479,5,7,"1Fam",1976,1976,2009,0,2,0
250000,11029,4,619,7,6,"1Fam",1968,1984,2006,1,3,0
189950,7642,3,216,8,7,"1Fam",1918,1998,2007,1,1,0
131500,11625,3,504,4,5,"2fmCon",1965,1965,2010,1,2,0
152000,9672,3,480,5,6,"1Fam",1984,1985,2010,0,2,0
132500,7931,3,672,5,5,"1Fam",1959,1959,2009,0,2,0
250580,8640,3,529,5,7,"1Fam",2007,2008,2008,0,2,0
148500,8750,3,902,6,5,"1Fam",1970,1970,2009,0,2,0
248900,10656,3,870,5,8,"1Fam",2006,2007,2007,0,2,0
129000,6970,3,544,5,4,"1Fam",1961,1961,2007,1,2,0
169000,14762,2,672,6,5,"1Fam",1948,1950,2006,0,2,0
236000,9938,3,574,5,7,"1Fam",1993,1994,2010,1,3,0
109500,6600,2,308,5,5,"1Fam",1962,1962,2009,0,1,0
200500,8750,3,523,5,6,"1Fam",1998,1998,2010,1,2,0
116000,8892,3,414,7,5,"1Fam",1953,1996,2008,0,1,0
133000,12144,3,288,7,5,"1Fam",1949,1950,2009,0,1,0
66500,5720,3,200,6,5,"1Fam",1941,1950,2009,1,1,0
303477,9000,4,550,5,8,"1Fam",2007,2007,2007,1,2,0
132250,25286,3,648,5,4,"1Fam",1963,1963,2007,0,2,0
350000,8834,4,738,5,9,"1Fam",2004,2005,2009,1,3,0
148000,11782,3,576,7,5,"1Fam",1961,1995,2010,0,2,0
136500,7000,3,336,8,5,"1Fam",1978,2005,2009,0,2,0
157000,7024,2,450,5,5,"1Fam",2005,2006,2007,1,2,0
187500,13758,3,400,5,7,"1Fam",1990,1991,2007,1,2,0
178000,9636,3,389,5,6,"1Fam",1992,1993,2009,1,2,0
118500,6204,5,440,5,4,"1Fam",1912,1950,2006,0,2,0
100000,7150,3,288,5,5,"1Fam",1967,1967,2009,0,1,0
328900,5119,2,506,5,9,"TwnhsE",1999,2000,2008,0,3,0
145000,8393,4,588,5,5,"Duplex",1959,2005,2006,0,2,0
135500,16466,3,300,7,5,"1Fam",1955,1955,2008,1,1,0
268000,15865,4,621,6,8,"1Fam",1970,1970,2007,0,3,0
149500,12160,2,505,4,6,"1Fam",1953,1953,2009,0,2,0
122900,8064,3,576,7,5,"1Fam",1949,2006,2007,0,1,0
172500,11184,3,440,5,6,"1Fam",1978,1978,2009,1,2,0
154500,8414,3,264,8,6,"1Fam",1963,2003,2006,1,1,0
165000,13284,3,354,5,5,"1Fam",1954,1954,2008,0,2,0
118858,7018,4,400,5,5,"Duplex",1979,1979,2009,0,2,0
140000,7056,4,483,5,6,"1Fam",1963,1963,2008,1,2,0
106500,8765,2,327,6,4,"1Fam",1936,1950,2006,0,1,0
142953,7018,6,528,5,5,"Duplex",1979,1979,2009,0,2,0
611657,12919,2,820,5,9,"1Fam",2009,2010,2010,1,3,0
135000,6993,3,288,7,5,"1Fam",1961,1994,2006,0,1,0
110000,7340,2,684,6,4,"1Fam",1971,1971,2007,0,1,0
153000,8712,2,756,7,5,"1Fam",1957,2000,2009,0,2,0
180000,7875,3,393,5,7,"1Fam",2003,2003,2006,1,2,0
240000,14859,3,690,5,7,"1Fam",2006,2006,2006,0,2,0
125500,6173,3,288,6,5,"1Fam",1967,1967,2007,0,1,0
128000,9920,3,280,5,5,"1Fam",1954,1954,2010,0,2,0
255000,13501,3,865,5,8,"1Fam",2006,2006,2007,0,3,0
250000,11500,3,180,7,7,"1Fam",1936,1987,2006,1,1,0
131000,8885,2,484,5,5,"1Fam",1983,1983,2006,0,2,0
174000,12589,3,390,5,6,"1Fam",2005,2005,2009,1,2,0
154300,11600,5,480,5,5,"Duplex",1960,1960,2010,0,2,0
143500,9286,3,252,7,5,"1Fam",1977,1989,2009,1,1,0
88000,6120,3,450,7,5,"1Fam",1925,1950,2006,0,1,0
145000,6270,4,871,6,5,"Duplex",1949,1950,2007,0,2,0
173733,3000,2,528,5,6,"TwnhsE",2009,2009,2009,1,2,0
75000,2001,3,286,5,4,"Twnhs",1970,1970,2007,1,1,0
35311,9000,1,308,3,2,"1Fam",1949,1950,2006,0,1,0
135000,17140,3,284,6,4,"1Fam",1956,1956,2009,0,1,0
238000,13125,4,833,5,7,"1Fam",1991,1991,2007,1,3,0
176500,11029,3,601,8,6,"1Fam",1958,2002,2008,0,2,0
201000,8462,3,471,5,6,"1Fam",1994,1994,2007,2,2,0
145900,8777,4,0,7,5,"Duplex",1900,2003,2008,2,4,1
169990,10237,3,397,5,6,"1Fam",2005,2006,2006,0,2,0
193000,8012,2,533,5,6,"TwnhsE",1993,1994,2008,0,3,0
207500,10240,3,612,6,6,"1Fam",1980,1980,2006,0,3,0
175000,15611,3,540,6,5,"1Fam",1977,1977,2008,1,2,0
285000,11999,4,656,5,8,"1Fam",2003,2004,2007,1,2,0
176000,9900,4,486,5,7,"1Fam",1968,1968,2008,1,2,0
236500,11838,3,522,5,8,"1Fam",2001,2001,2009,0,2,0
222000,13006,4,642,5,7,"1Fam",1997,1997,2006,1,2,0
201000,8925,3,610,5,8,"1Fam",2007,2007,2009,0,2,0
117500,9100,2,429,6,5,"1Fam",1965,1965,2009,1,1,0
320000,11670,3,788,5,9,"1Fam",2006,2006,2007,0,2,0
190000,8487,3,570,5,7,"1Fam",2004,2004,2009,0,2,0
242000,27650,4,505,7,7,"1Fam",1960,2007,2008,0,3,0
79900,5825,1,528,5,4,"1Fam",1926,1953,2006,0,1,0
184900,10083,2,555,5,7,"1Fam",2003,2003,2009,0,3,0
253000,9675,3,689,5,7,"1Fam",2005,2005,2009,1,2,0
239799,8760,3,868,5,7,"1Fam",2006,2006,2006,1,2,0
244400,24090,4,349,7,7,"1Fam",1940,1950,2010,0,2,0
150900,12640,4,574,5,6,"Duplex",1976,1976,2006,0,2,0
214000,8755,3,390,5,7,"1Fam",1999,1999,2009,1,3,0
150000,7711,4,0,3,4,"Duplex",1977,1977,2007,0,4,1
143000,25000,4,576,4,5,"Duplex",1967,1967,2007,0,2,0
137500,14375,3,525,6,6,"1Fam",1958,1958,2009,1,1,0
124900,8820,2,456,6,5,"1Fam",1890,1996,2009,0,1,0
143000,8163,3,796,6,5,"1Fam",1959,1959,2006,0,2,0
270000,14536,3,808,5,8,"1Fam",2002,2003,2007,0,3,0
192500,14006,3,474,5,7,"1Fam",2002,2002,2006,1,2,0
197500,9360,3,676,7,6,"1Fam",1972,2006,2010,1,2,0
129000,7200,3,720,8,5,"1Fam",1950,2002,2007,0,2,0
119900,7800,3,300,5,5,"1Fam",1965,1965,2006,0,2,0
133900,7200,2,396,8,5,"1Fam",1972,2003,2009,1,1,0
172000,11075,4,530,4,5,"1Fam",1969,1969,2008,2,2,0
127500,9400,4,0,5,6,"Duplex",1975,1975,2006,2,2,1
145000,7136,4,492,6,6,"Duplex",1946,1950,2007,0,2,0
124000,1300,2,462,6,6,"TwnhsE",1980,1980,2009,1,1,0
132000,7420,3,576,5,5,"1Fam",1962,1962,2007,0,1,0
185000,8450,3,531,5,7,"1Fam",2003,2003,2007,0,3,0
155000,2572,3,484,5,7,"Twnhs",1999,1999,2010,1,3,0
116500,7207,2,0,7,5,"1Fam",1958,2008,2010,0,2,1
272000,12227,4,619,7,6,"1Fam",1977,1995,2008,1,3,0
155000,2308,3,440,6,6,"TwnhsE",1976,1976,2007,1,3,0
239000,11923,2,702,5,9,"1Fam",2007,2007,2009,0,2,0
214900,11316,4,510,5,7,"1Fam",2002,2003,2010,1,3,0
178900,10237,3,393,5,6,"1Fam",2005,2007,2007,1,2,0
160000,9600,2,256,7,5,"1Fam",1940,1950,2009,1,2,0
135000,7390,3,260,7,5,"1Fam",1955,1955,2008,0,2,0
37900,5925,2,0,6,3,"1Fam",1910,1950,2009,0,1,1
140000,10382,2,264,5,6,"2fmCon",1958,1958,2006,0,2,0
135000,10800,4,0,4,4,"1Fam",1949,1950,2006,1,1,1
173000,2268,2,474,5,7,"Twnhs",2003,2004,2009,0,2,0
99500,7892,2,264,5,6,"TwnhsE",1979,1979,2010,0,2,0
182000,11639,3,480,5,7,"1Fam",2007,2008,2008,0,2,0
167500,11414,3,532,8,7,"1Fam",1910,1993,2009,0,1,0
165000,2651,3,490,5,7,"Twnhs",2000,2000,2006,1,3,0
85500,5900,2,0,7,4,"1Fam",1923,1958,2006,0,1,1
199900,4274,1,569,5,7,"TwnhsE",2006,2007,2007,1,2,0
110000,9450,3,400,5,4,"1Fam",1954,1954,2007,0,1,0
139000,8816,3,480,6,5,"1Fam",1963,1963,2009,0,2,0
178400,12122,3,588,9,7,"1Fam",1961,2007,2008,0,2,0
336000,12203,4,676,5,8,"1Fam",1998,1999,2009,1,3,0
159895,3182,2,388,5,7,"1Fam",2007,2007,2008,0,2,0
255900,11250,4,779,5,8,"1Fam",2002,2002,2008,1,2,0
126000,10125,4,539,5,5,"Duplex",1977,1977,2009,0,2,0
125000,10880,3,240,5,5,"2fmCon",1950,1950,2008,0,2,0
117000,5310,2,255,8,6,"1Fam",1910,2003,2006,0,1,0
395192,10159,3,606,5,9,"1Fam",2009,2010,2010,1,3,0
195000,12046,4,551,6,6,"1Fam",1976,1976,2007,1,2,0
197000,8125,3,614,5,7,"1Fam",2006,2006,2006,1,2,0
348000,9452,3,870,5,8,"1Fam",1997,1998,2006,1,3,0
168000,17671,4,424,9,8,"1Fam",1882,1986,2009,1,1,0
187000,9760,3,440,8,6,"1Fam",1964,1993,2007,1,2,0
173900,8846,3,564,5,6,"1Fam",2005,2006,2006,1,2,0
337500,12456,3,786,5,10,"1Fam",2006,2007,2009,0,3,0
121600,4712,3,305,7,4,"1Fam",1946,1950,2006,1,2,0
136500,10659,3,368,6,5,"1Fam",1961,1961,2006,0,2,0
185000,11717,2,615,6,6,"1Fam",1970,1970,2009,0,2,0
91000,9786,3,210,4,3,"1Fam",1922,1950,2006,0,1,0
206000,6762,2,632,5,7,"1Fam",2006,2006,2010,0,3,0
82000,10206,2,528,3,3,"1Fam",1952,1952,2009,0,1,0
86000,5400,2,216,6,5,"1Fam",1920,1950,2007,0,1,0
232000,11957,3,824,5,8,"1Fam",2006,2006,2008,0,2,0
136905,11500,4,528,6,5,"Duplex",1976,1976,2007,0,2,0
181000,3182,1,457,5,7,"TwnhsE",2005,2006,2009,0,2,0
149900,8385,3,328,8,5,"1Fam",1977,1977,2008,0,2,0
163500,12155,3,484,3,6,"1Fam",1970,1970,2007,1,2,0
88000,2217,3,286,4,4,"TwnhsE",1970,1970,2009,1,1,0
240000,12118,3,550,5,7,"1Fam",2004,2005,2009,0,2,0
102000,6000,4,0,5,5,"1Fam",1926,1950,2006,0,2,1
135000,21286,4,312,5,5,"1Fam",1948,1950,2008,0,2,0
100000,9825,4,0,5,5,"Duplex",1965,1965,2010,0,2,1
165000,10592,3,180,7,6,"1Fam",1923,1996,2007,1,1,0
85000,7200,2,280,4,5,"1Fam",1910,2006,2009,0,2,0
119200,11664,2,240,5,6,"1Fam",1948,1950,2007,0,1,0
227000,8400,3,528,6,8,"1Fam",2001,2001,2009,1,3,0
203000,11883,3,478,5,7,"1Fam",1996,1996,2009,0,3,0
187500,5814,1,565,5,8,"TwnhsE",1984,1984,2009,0,2,0
160000,10784,3,402,5,7,"1Fam",1991,1992,2007,1,2,0
213490,3013,2,440,5,7,"TwnhsE",2005,2005,2006,0,2,0
176000,7024,2,451,5,4,"1Fam",2005,2005,2008,1,2,0
194000,7406,2,632,5,7,"1Fam",2006,2006,2006,0,3,0
87000,9439,2,160,5,5,"1Fam",1930,1950,2007,0,1,0
191000,3182,2,437,5,7,"TwnhsE",2005,2006,2008,0,2,0
287000,15498,2,665,6,8,"1Fam",1976,1976,2008,0,3,0
112500,7700,3,461,5,5,"1Fam",1972,1972,2007,0,2,0
167500,9300,3,461,5,5,"1Fam",1960,1960,2010,0,2,0
293077,9520,3,800,5,8,"1Fam",2007,2008,2008,0,3,0
105000,9492,3,240,5,5,"1Fam",1941,1950,2007,0,2,0
118000,1680,3,264,7,6,"Twnhs",1972,1972,2006,2,1,0
160000,7082,5,0,8,5,"2fmCon",1916,1995,2006,0,2,1
197000,15863,5,672,3,7,"1Fam",1920,1970,2009,1,3,0
310000,14541,5,796,7,8,"1Fam",1993,1993,2006,1,3,0
230000,8125,3,900,5,7,"1Fam",2002,2002,2006,0,3,0
119750,6305,2,240,7,5,"1Fam",1938,1950,2007,0,1,0
84000,11500,3,290,3,4,"1Fam",1957,1957,2009,0,1,0
315500,12898,2,912,5,9,"1Fam",2007,2008,2009,0,3,0
287000,9240,3,905,5,8,"1Fam",2001,2002,2008,1,2,0
97000,1533,3,0,6,4,"Twnhs",1970,2008,2009,1,1,1
80000,1477,1,286,4,4,"TwnhsE",1970,1970,2009,0,2,0
155000,13125,3,484,4,5,"1Fam",1957,2000,2006,0,3,0
173000,9130,4,484,8,6,"1Fam",1966,2000,2008,2,1,0
196000,5381,1,624,5,6,"Twnhs",2005,2005,2009,0,3,0
262280,11839,4,514,5,7,"1Fam",1990,1990,2008,1,3,0
278000,9600,4,542,5,8,"1Fam",1981,1981,2009,1,3,0
139600,13680,4,452,5,3,"1Fam",1955,1955,2009,0,2,0
556581,16056,4,716,5,9,"1Fam",2005,2006,2006,1,3,0
145000,9245,3,672,5,5,"1Fam",1994,1995,2008,1,1,0
115000,21750,3,336,4,5,"1Fam",1960,2006,2009,0,1,0
84900,11100,2,308,7,4,"1Fam",1946,2006,2010,0,1,0
176485,8993,3,436,5,7,"1Fam",2007,2007,2007,0,2,0
200141,11175,3,440,5,7,"1Fam",2007,2007,2007,0,2,0
165000,9500,4,540,6,6,"1Fam",1964,1978,2007,2,1,0
144500,8562,4,364,6,5,"1Fam",1957,2002,2010,0,1,0
255000,11367,3,586,5,8,"1Fam",2002,2002,2006,1,3,0
180000,11361,3,478,5,6,"1Fam",1976,1976,2008,1,2,0
185850,7052,2,484,5,7,"TwnhsE",2005,2005,2006,0,3,0
248000,29959,3,467,6,7,"1Fam",1994,1994,2009,1,2,0
335000,11308,3,836,5,9,"1Fam",2008,2008,2009,1,3,0
220000,11275,3,432,7,6,"1Fam",1932,1950,2007,1,1,0
213500,4920,2,582,5,8,"TwnhsE",2001,2001,2010,0,3,0
81000,18000,2,1248,4,3,"1Fam",1935,1950,2008,0,1,0
90000,13600,5,560,5,5,"2fmCon",1900,1950,2007,0,2,0
110500,6000,2,440,6,6,"1Fam",1925,1980,2006,0,1,0
154000,11000,3,480,6,5,"1Fam",1966,1966,2009,1,1,0
328000,14000,3,533,5,7,"1Fam",1996,1997,2010,1,3,0
178000,7837,3,380,7,6,"1Fam",1993,1994,2009,1,2,0
167900,9760,4,442,6,6,"1Fam",1964,1964,2008,1,2,0
151400,3964,5,576,4,6,"TwnhsE",1973,1973,2006,1,3,0
135000,9600,2,576,7,5,"1Fam",1949,2003,2007,1,1,0
135000,10152,3,286,5,5,"1Fam",1956,1956,2007,0,2,0
154000,11700,4,441,6,6,"1Fam",1968,1968,2009,1,1,0
91500,7585,4,280,3,5,"1Fam",1948,1950,2006,1,2,0
159500,7950,3,440,6,6,"1Fam",1977,1977,2009,1,1,0
194000,8556,2,826,5,7,"1Fam",2006,2006,2007,0,2,0
219500,13125,3,240,6,7,"1Fam",1940,1984,2007,1,1,0
170000,10800,3,566,8,5,"1Fam",1936,1989,2006,1,2,0
138800,15870,3,299,5,5,"1Fam",1969,1969,2006,0,2,0
155900,4435,1,420,5,6,"TwnhsE",2004,2004,2006,0,2,0
126000,8775,3,299,5,5,"1Fam",1994,1994,2007,0,1,0
145000,11040,3,528,7,6,"1Fam",1971,2004,2008,1,2,0
133000,7500,3,308,5,5,"1Fam",1963,1963,2010,1,2,0
192000,8749,3,527,5,7,"1Fam",2002,2002,2007,0,2,0
160000,8800,3,461,6,6,"1Fam",1964,1964,2006,0,2,0
187500,13031,3,409,5,6,"1Fam",1995,1996,2006,1,2,0
147000,9069,2,564,6,6,"1Fam",1992,1992,2010,0,2,0
83500,1974,3,286,5,4,"TwnhsE",1973,1973,2010,1,1,0
252000,10574,3,1043,5,8,"1Fam",2005,2006,2009,1,2,0
137500,2522,3,380,5,7,"Twnhs",2004,2004,2006,0,2,0
197000,3316,1,550,5,8,"TwnhsE",2005,2005,2006,1,2,0
92900,8544,2,400,4,3,"Duplex",1950,1950,2009,0,2,0
160000,2160,2,462,5,7,"Twnhs",1999,2000,2008,1,3,0
136500,8400,4,576,5,6,"1Fam",1925,1950,2008,0,2,0
146000,9230,1,884,8,5,"1Fam",1965,1998,2006,1,2,0
129000,5868,2,308,7,5,"1Fam",1956,2000,2010,0,2,0
176432,9317,3,440,5,6,"1Fam",2006,2006,2007,0,2,0
127000,6882,3,0,7,6,"1Fam",1914,2006,2007,1,1,1
170000,3696,2,461,5,8,"TwnhsE",1986,1986,2007,1,1,0
128000,6000,3,240,6,4,"1Fam",1936,1950,2009,0,1,0
157000,11880,3,478,5,7,"1Fam",1978,1978,2009,0,2,0
60000,8400,1,246,5,2,"1Fam",1920,1950,2009,0,1,0
119500,9758,3,280,5,5,"1Fam",1971,1971,2007,0,1,0
135000,7000,2,254,7,5,"1Fam",1960,2002,2007,0,1,0
159500,8910,3,539,6,6,"1Fam",1959,1959,2006,1,1,0
106000,2016,3,440,5,5,"TwnhsE",1970,1970,2007,1,2,0
325000,12256,3,712,5,8,"1Fam",1994,1995,2010,1,3,0
179900,10357,3,719,5,7,"1Fam",1990,1991,2007,0,3,0
274725,23257,3,422,5,7,"1Fam",2006,2006,2006,1,2,0
181000,8063,3,463,5,6,"1Fam",2000,2000,2007,1,2,0
280000,11362,3,862,5,8,"1Fam",2004,2005,2009,0,3,0
188000,8000,3,431,5,6,"1Fam",1995,1996,2008,1,3,0
205000,10480,4,483,6,7,"1Fam",1976,1976,2008,1,2,0
129900,7100,2,308,7,5,"1Fam",1957,1957,2006,0,2,0
134500,8923,2,240,7,5,"1Fam",1953,2006,2007,0,2,0
117000,5400,2,326,7,5,"1Fam",1954,2000,2006,0,1,0
318000,12085,3,928,5,8,"1Fam",2007,2007,2007,0,3,0
184100,7750,3,527,5,8,"1Fam",2002,2002,2009,1,3,0
130000,9764,3,450,7,5,"1Fam",1967,2003,2008,0,2,0
140000,13825,3,300,6,5,"1Fam",1958,1987,2008,1,1,0
133700,7560,3,286,5,5,"1Fam",1959,1959,2006,0,1,0
118400,8263,2,308,5,6,"1Fam",1920,1950,2007,0,1,0
212900,10084,3,782,5,7,"1Fam",2005,2006,2006,0,2,0
112000,8926,3,288,3,4,"1Fam",1956,1956,2009,0,1,0
118000,9405,2,0,9,5,"1Fam",1947,2008,2009,1,1,1
163900,9125,3,392,5,7,"1Fam",1992,1992,2007,1,2,0
115000,10434,2,672,5,4,"1Fam",1955,1955,2009,0,1,0
174000,3684,2,660,5,7,"TwnhsE",2007,2007,2009,0,2,0
259000,14572,3,630,5,7,"1Fam",2004,2004,2007,0,3,0
215000,11796,4,434,5,7,"1Fam",2004,2005,2007,1,2,0
140000,7200,2,672,5,5,"Duplex",1980,1980,2007,0,2,0
135000,7804,4,576,3,4,"1Fam",1928,1950,2009,0,3,0
93500,10712,3,0,5,5,"1Fam",1991,1992,2007,0,1,1
117500,9900,5,205,4,6,"1Fam",1880,1950,2007,0,2,0
239500,9828,3,466,5,8,"1Fam",1995,1995,2009,1,2,0
169000,8773,3,460,5,6,"1Fam",1997,1997,2007,1,2,0
102000,6180,2,180,5,6,"1Fam",1926,1950,2007,0,1,0
119000,9600,3,288,5,6,"1Fam",1950,1950,2008,0,1,0
94000,6342,2,0,8,5,"1Fam",1875,1996,2010,0,1,1
196000,9819,2,714,5,6,"1Fam",1977,1977,2009,0,3,0
144000,8731,3,495,5,5,"1Fam",1920,1950,2007,0,1,0
139000,7350,2,840,7,5,"1Fam",1951,1951,2008,0,2,0
197500,10304,4,484,7,5,"1Fam",1976,1976,2009,1,3,0
424870,9965,4,1052,5,8,"1Fam",2006,2007,2007,0,4,0
80000,9000,3,0,3,5,"1Fam",1959,1959,2008,0,1,1
80000,12180,2,280,4,4,"2fmCon",1941,1950,2010,0,2,0
149000,6240,3,225,6,5,"1Fam",1928,1950,2006,0,1,0
180000,11200,3,403,5,6,"1Fam",1985,1985,2006,0,3,0
174500,12000,3,234,7,7,"1Fam",1941,1950,2009,1,1,0
116900,5700,2,288,7,7,"1Fam",1926,1950,2008,0,1,0
143000,9000,3,324,9,7,"1Fam",1920,1988,2009,1,1,0
124000,8280,2,306,5,6,"1Fam",1950,1950,2007,0,1,0
149900,17755,3,528,4,5,"1Fam",1959,1959,2006,1,1,0
230000,14115,2,470,7,6,"1Fam",1956,2004,2006,0,1,0
120500,5890,2,432,8,6,"1Fam",1930,2007,2008,0,1,0
201800,13700,4,492,6,7,"1Fam",1965,1988,2008,2,1,0
218000,10768,3,528,8,5,"1Fam",1976,2004,2007,0,3,0
179900,9350,3,502,8,5,"1Fam",1965,1999,2008,1,2,0
230000,5001,2,626,5,7,"Twnhs",2007,2008,2009,0,3,0
235128,11932,3,830,5,8,"1Fam",2007,2008,2008,0,2,0
185000,9120,4,540,6,6,"1Fam",1974,1974,2008,1,2,0
146000,2280,3,440,5,6,"Twnhs",1978,1978,2010,1,2,0
224000,14778,3,924,7,6,"1Fam",1954,2006,2008,0,2,0
129000,8724,3,450,5,5,"1Fam",1968,1968,2007,0,1,0
108959,12900,0,400,4,4,"Duplex",1969,1969,2008,2,2,0
194000,16157,2,588,7,5,"1Fam",1978,1978,2007,1,2,0
233170,9541,3,644,5,7,"1Fam",2009,2009,2009,0,2,0
245350,10475,3,776,5,8,"1Fam",2008,2008,2010,0,2,0
173000,10852,3,472,5,6,"1Fam",2000,2000,2006,1,3,0
235000,13728,4,540,7,6,"1Fam",1935,1986,2008,0,2,0
625000,35760,4,807,5,10,"1Fam",1995,1996,2006,1,4,0
171000,9880,3,358,6,6,"1Fam",1977,1977,2008,0,2,0
163000,9120,3,433,6,6,"1Fam",1958,1958,2008,0,2,0
171900,4017,2,625,5,7,"TwnhsE",2006,2007,2008,1,2,0
200500,18030,3,0,6,5,"1Fam",1946,1994,2007,0,3,1
239000,16560,4,360,8,6,"1Fam",1932,1950,2006,1,2,0
285000,10678,4,541,5,8,"1Fam",1992,2000,2007,1,2,0
119500,6951,3,264,5,5,"1Fam",1984,1985,2008,0,2,0
115000,3950,3,210,8,6,"1Fam",1926,2004,2009,0,1,0
154900,7681,3,186,6,5,"1Fam",1921,1950,2009,1,1,0
93000,8335,3,0,5,5,"1Fam",1954,1954,2006,0,1,1
250000,11170,4,693,5,7,"1Fam",1990,1991,2006,1,2,0
392500,5587,2,482,5,8,"TwnhsE",2008,2008,2008,1,3,0
745000,15623,4,813,5,10,"1Fam",1996,1996,2007,1,4,0
120000,10800,2,720,6,5,"1Fam",1920,1950,2006,0,2,0
186700,35133,3,995,4,5,"1Fam",1963,1963,2007,1,2,0
104900,9738,4,392,7,5,"1Fam",1924,1950,2006,0,2,0
95000,10615,3,420,5,3,"2fmCon",1900,1970,2009,0,3,0
262000,12461,2,757,5,8,"1Fam",1994,1995,2006,0,3,0
195000,8935,3,493,5,7,"1Fam",2002,2002,2009,1,2,0
189000,7500,3,442,5,7,"1Fam",1999,1999,2010,1,2,0
168000,32463,3,1356,4,4,"2fmCon",1961,1975,2007,0,2,0
174000,2645,2,492,5,8,"Twnhs",1999,2000,2007,1,2,0
125000,9600,3,250,8,5,"1Fam",1925,1994,2007,0,1,0
165000,4500,2,402,5,6,"TwnhsE",1999,1999,2009,0,3,0
158000,9364,4,299,7,6,"1Fam",1969,1969,2010,1,1,0
176000,8029,3,400,5,6,"1Fam",2005,2005,2008,1,2,0
219210,14054,4,660,5,7,"1Fam",2006,2006,2006,1,2,0
144000,8850,3,225,6,7,"1Fam",1916,1950,2006,0,1,0
178000,9100,3,573,5,7,"1Fam",2001,2001,2009,0,2,0
148000,11235,3,459,5,4,"1Fam",1963,1979,2006,1,1,0
116050,9353,3,280,5,4,"1Fam",1970,1970,2006,0,1,0
197900,10400,3,546,5,7,"1Fam",1998,1998,2009,1,2,0
117000,6000,3,216,8,5,"1Fam",1925,1997,2009,0,2,0
213000,9750,3,451,5,7,"1Fam",2000,2001,2009,0,2,0
153500,10140,3,495,6,5,"1Fam",1975,1975,2006,1,2,0
271900,14684,3,701,7,7,"1Fam",1990,1991,2009,0,2,0
107000,8900,2,384,4,4,"1Fam",1966,1966,2006,0,2,0
200000,9135,3,544,5,6,"1Fam",2003,2003,2006,0,3,0
140000,7763,3,506,7,5,"1Fam",1962,1980,2008,0,2,0
290000,10182,3,500,5,8,"1Fam",2006,2006,2006,0,3,0
189000,11218,3,462,5,6,"1Fam",1992,1992,2010,1,2,0
164000,12134,4,492,7,8,"1Fam",1988,2005,2010,0,2,0
113000,9340,2,234,6,4,"1Fam",1941,1950,2009,0,2,0
145000,10246,0,364,9,4,"1Fam",1965,2001,2006,1,1,0
134500,10205,3,300,5,5,"1Fam",1962,1962,2006,0,2,0
125000,7094,3,384,5,5,"1Fam",1966,1966,2007,0,1,0
112000,8930,4,539,5,6,"Duplex",1978,1978,2010,0,2,0
229456,8640,3,552,5,8,"1Fam",2009,2009,2009,0,3,0
80500,6240,2,0,5,4,"1Fam",1947,1950,2006,0,1,1
91500,1680,3,0,5,6,"Twnhs",1971,1971,2006,1,1,1
115000,7800,2,288,5,5,"1Fam",1964,1964,2006,0,1,0
134000,8250,3,322,5,5,"1Fam",1968,1968,2008,0,1,0
143000,10496,3,315,6,6,"1Fam",1949,1950,2007,0,2,0
137900,10680,4,528,3,5,"1Fam",1951,1951,2006,0,2,0
184000,15384,3,388,5,7,"1Fam",2004,2005,2008,1,3,0
145000,10482,3,264,8,6,"1Fam",1958,1958,2007,1,1,0
214000,14598,4,668,5,6,"1Fam",2007,2007,2008,1,2,0
147000,8872,2,576,8,5,"1Fam",1965,2008,2008,0,2,0
367294,8769,1,1052,5,9,"TwnhsE",2008,2008,2008,1,2,0
127000,7910,4,404,5,5,"1Fam",1960,1960,2008,0,2,0
190000,18890,4,600,5,5,"Duplex",1977,1977,2007,2,2,0
132500,7728,3,540,6,5,"Duplex",1962,1962,2006,0,2,0
101800,9842,2,462,5,4,"Duplex",1962,1962,2007,0,2,0
142000,12160,3,531,5,5,"1Fam",1959,1959,2010,0,2,0
130000,8525,4,0,6,5,"1Fam",1911,1950,2008,1,1,1
138887,13132,4,180,5,5,"1Fam",1914,1950,2006,1,1,0
175500,2628,2,474,5,7,"Twnhs",2003,2003,2010,1,2,0
195000,12393,4,434,5,7,"1Fam",2004,2005,2006,1,2,0
142500,13072,3,484,5,6,"1Fam",2005,2005,2006,1,1,0
265900,9037,2,472,5,8,"1Fam",2006,2006,2007,0,2,0
224900,8158,3,543,5,7,"1Fam",2003,2003,2008,1,3,0
248328,9849,3,954,6,7,"1Fam",2007,2007,2007,0,2,0
170000,10625,3,528,6,7,"1Fam",1974,1974,2010,0,3,0
465000,13891,2,850,5,10,"1Fam",2006,2006,2006,1,3,0
230000,11435,3,400,7,8,"1Fam",1929,1950,2006,0,1,0
178000,12090,3,477,7,6,"1Fam",1984,2003,2007,1,3,0
186500,8125,3,615,5,7,"1Fam",2005,2006,2006,1,2,0
169900,12328,3,888,5,6,"1Fam",1976,1976,2010,0,2,0
129500,9600,3,396,5,6,"1Fam",1917,1950,2008,1,1,0
119000,7200,3,276,7,5,"1Fam",1950,1950,2007,0,1,0
244000,11160,3,522,5,7,"1Fam",1968,1968,2010,1,3,0
171750,3136,2,478,5,7,"TwnhsE",2003,2003,2006,0,2,0
130000,9858,3,288,6,5,"1Fam",1968,1968,2009,0,2,0
294000,17542,3,518,7,7,"1Fam",1974,2003,2007,1,3,0
165400,6931,3,397,5,7,"1Fam",2003,2004,2008,1,2,0
127500,6240,3,560,6,6,"1Fam",1931,1950,2007,0,1,0
301500,14303,2,691,5,8,"1Fam",1994,1994,2008,0,3,0
99900,4060,2,0,8,5,"1Fam",1922,1950,2009,0,1,1
190000,9587,2,400,5,7,"1Fam",2005,2005,2008,0,3,0
151000,9750,3,460,8,6,"1Fam",1969,1969,2008,1,2,0
181000,24682,3,502,5,6,"1Fam",1999,1999,2009,1,2,0
128900,9600,2,338,6,5,"1Fam",1956,1956,2009,0,1,0
161500,11250,5,304,5,4,"1Fam",1957,1989,2009,0,2,0
180500,13515,3,520,6,6,"1Fam",1919,1950,2007,0,1,0
181000,4060,2,511,5,6,"TwnhsE",1998,1999,2008,0,3,0
183900,3735,3,506,5,7,"TwnhsE",1999,1999,2006,1,3,0
122000,10120,4,308,4,7,"2fmCon",1910,1950,2007,1,1,0
378500,13214,3,746,5,9,"1Fam",2008,2009,2010,0,2,0
381000,14100,4,1014,9,8,"1Fam",1935,1997,2008,1,3,0
144000,11344,3,315,5,5,"1Fam",1958,1958,2007,1,1,0
260000,23595,0,586,6,7,"1Fam",1979,1979,2010,1,2,0
185750,9156,3,462,7,6,"1Fam",1968,1968,2009,0,2,0
137000,13526,3,288,6,5,"1Fam",1965,1965,2006,0,2,0
177000,11512,2,312,7,6,"1Fam",1959,2006,2008,0,2,0
139000,5362,3,552,6,5,"1Fam",1910,2003,2007,0,2,0
137000,11345,4,400,5,5,"Duplex",1948,1950,2007,0,2,0
162000,12936,3,497,6,6,"1Fam",1972,1972,2009,2,1,0
197900,17871,3,480,5,6,"1Fam",1967,1976,2009,1,2,0
237000,9473,3,577,5,8,"1Fam",2002,2002,2008,1,3,0
68400,7500,2,528,4,4,"1Fam",1920,1950,2010,0,1,0
227000,9808,3,544,5,7,"1Fam",2002,2002,2009,0,3,0
180000,8049,2,484,5,7,"1Fam",1990,1990,2006,0,3,0
150500,8800,3,484,7,5,"1Fam",1977,2008,2009,0,2,0
139000,9400,4,0,5,6,"Duplex",1971,1971,2010,2,2,1
169000,9638,4,336,7,6,"1Fam",1919,1990,2010,0,2,0
132500,6000,4,280,6,6,"1Fam",1939,1950,2009,0,1,0
143000,9790,3,528,5,6,"1Fam",1963,1963,2010,1,2,0
190000,36500,4,390,5,5,"1Fam",1964,1964,2006,1,2,0
278000,5664,2,499,5,8,"TwnhsE",2000,2000,2009,0,3,0
281000,11065,3,753,5,8,"1Fam",2006,2006,2006,1,2,0
180500,14112,3,484,7,5,"1Fam",1964,1964,2010,0,2,0
119500,1680,3,264,7,5,"Twnhs",1972,1972,2009,1,2,0
107500,6600,4,432,4,5,"1Fam",1892,1965,2009,0,2,0
162900,10140,4,528,5,7,"1Fam",1976,1976,2006,1,2,0
115000,8172,2,572,7,5,"1Fam",1955,1990,2006,0,2,0
138500,8400,3,288,5,5,"1Fam",1968,1968,2006,1,2,0
155000,8700,3,525,6,5,"1Fam",1963,1963,2008,0,3,0
140000,3675,2,525,5,6,"TwnhsE",2005,2006,2006,0,3,0
160000,63887,3,1418,5,10,"1Fam",2008,2008,2008,1,4,0
154000,7500,3,305,7,5,"1Fam",1959,1994,2010,1,2,0
225000,10762,3,490,5,7,"1Fam",1999,1999,2009,1,2,0
177500,7500,3,213,7,6,"1Fam",1942,1950,2009,0,1,0
290000,10120,4,844,5,8,"1Fam",1994,1994,2006,1,3,0
232000,8688,3,834,5,7,"1Fam",2005,2005,2006,0,2,0
130000,3363,3,380,5,7,"TwnhsE",2004,2004,2006,0,2,0
325000,13173,2,840,5,9,"1Fam",2006,2007,2009,0,3,0
202500,6955,2,474,5,7,"TwnhsE",2005,2006,2006,0,2,0
138000,8072,3,480,5,5,"1Fam",1994,1995,2009,0,2,0
147000,12000,2,528,7,5,"1Fam",1948,2005,2008,0,2,0
179200,7153,3,496,5,6,"1Fam",1991,1991,2008,0,3,0
335000,17500,3,567,8,7,"1Fam",1959,2002,2010,0,3,0
203000,8814,3,508,5,7,"1Fam",2005,2007,2007,0,3,0
302000,9572,4,750,5,8,"1Fam",1990,1990,2007,1,2,0
333168,14774,4,779,5,9,"1Fam",1999,1999,2010,1,2,0
119000,8190,3,280,6,4,"1Fam",1954,1954,2007,0,2,0
206900,11075,4,576,5,6,"1Fam",1969,1969,2008,1,2,0
295493,10226,3,860,5,8,"1Fam",2008,2008,2009,0,3,0
208900,4230,2,466,5,7,"TwnhsE",2006,2007,2007,0,2,0
275000,14781,3,748,5,8,"1Fam",2001,2002,2006,0,2,0
111000,10215,3,248,5,4,"1Fam",1954,1954,2007,0,1,0
156500,8400,3,442,3,6,"1Fam",1957,1957,2009,1,2,0
72500,6627,2,287,6,3,"1Fam",1949,1950,2008,0,1,0
190000,10186,3,564,5,7,"1Fam",1992,1992,2010,1,3,0
82500,5330,2,0,7,4,"1Fam",1940,1950,2009,0,1,1
147000,9986,2,895,5,8,"1Fam",2006,2007,2007,0,2,0
55000,3636,2,0,4,4,"1Fam",1922,1950,2008,0,1,1
79000,4270,3,0,6,3,"1Fam",1931,2006,2007,0,1,1
130500,6600,3,264,9,5,"1Fam",1982,2008,2008,1,1,0
256000,10440,5,520,7,6,"1Fam",1920,1950,2008,0,2,0
176500,9084,3,462,5,7,"1Fam",1998,1998,2006,1,2,0
227000,10000,3,825,5,8,"1Fam",2006,2006,2007,0,2,0
132500,10780,3,576,5,5,"1Fam",1976,1976,2006,0,1,0
100000,8877,2,288,6,4,"1Fam",1938,1958,2009,0,2,0
125500,7200,2,297,6,5,"1Fam",1938,1995,2006,1,1,0
125000,2368,3,440,6,5,"TwnhsE",1970,1970,2009,1,1,0
167900,9650,2,630,5,6,"1Fam",1977,1977,2009,1,2,0
135000,9246,4,506,5,5,"Duplex",1973,1973,2008,0,2,0
52500,4118,2,0,4,4,"1Fam",1941,1950,2006,0,1,1
200000,13450,3,492,5,7,"1Fam",2002,2002,2006,1,3,0
128500,9560,3,288,7,5,"1Fam",1972,1972,2006,0,1,0
123000,8294,3,480,5,4,"1Fam",1971,1971,2007,0,1,0
155000,13695,3,576,5,6,"1Fam",2003,2004,2008,0,2,0
228500,9375,3,647,5,8,"1Fam",2002,2002,2007,1,2,0
177000,7558,3,342,6,6,"1Fam",1928,1950,2009,1,1,0
155835,11103,3,440,5,7,"1Fam",2006,2006,2007,1,2,0
108500,6000,2,308,4,4,"1Fam",1920,1950,2007,0,1,0
262500,20781,3,508,7,7,"1Fam",1968,2003,2006,0,2,0
283463,15306,3,712,5,8,"1Fam",2006,2007,2007,0,3,0
215000,16196,3,514,5,7,"1Fam",1998,1998,2007,0,3,0
122000,5250,4,0,5,8,"1Fam",1872,1987,2008,0,2,1
200000,11643,6,968,5,5,"Duplex",1969,1969,2009,3,3,0
171000,9247,4,490,6,6,"1Fam",1962,1962,2008,1,1,0
134900,6000,2,624,9,6,"1Fam",1937,2000,2009,0,1,0
410000,14720,4,666,5,8,"1Fam",1995,1996,2010,1,3,0
235000,10316,3,839,5,7,"1Fam",2000,2000,2008,1,3,0
170000,10192,4,487,6,7,"1Fam",1968,1992,2006,0,3,0
110000,9477,3,264,5,5,"1Fam",1966,1966,2008,0,1,0
149900,12537,3,500,6,5,"1Fam",1971,2008,2010,1,2,0
177500,2117,3,440,5,6,"Twnhs",2000,2000,2010,1,2,0
315000,16737,3,770,5,9,"1Fam",2004,2005,2006,0,3,0
189000,9842,4,621,6,5,"1Fam",1921,1998,2008,1,3,0
260000,16158,3,430,5,7,"1Fam",2005,2005,2009,0,3,0
104900,12513,4,368,4,4,"1Fam",1920,2007,2009,0,2,0
156932,8499,3,432,5,6,"1Fam",2006,2007,2007,1,2,0
144152,3180,2,480,5,7,"TwnhsE",2005,2005,2006,1,2,0
216000,7500,3,663,5,7,"1Fam",2000,2000,2010,1,3,0
193000,9179,3,588,5,7,"1Fam",1999,1999,2008,1,3,0
127000,2665,4,336,6,5,"TwnhsE",1977,1977,2006,0,2,0
144000,4435,1,420,5,6,"TwnhsE",2003,2004,2009,0,2,0
232000,10635,3,502,5,8,"1Fam",2003,2003,2010,0,3,0
105000,5400,2,338,6,4,"1Fam",1920,1950,2009,0,1,0
165500,9600,3,377,6,6,"1Fam",1955,1996,2008,0,2,0
274300,9750,3,583,6,7,"1Fam",1998,1998,2006,1,3,0
466500,11400,2,804,5,10,"1Fam",2001,2002,2007,1,3,0
250000,10625,3,936,5,7,"1Fam",2005,2005,2008,1,2,0
239000,10991,3,722,5,8,"1Fam",2007,2007,2007,0,2,0
91000,6292,2,160,5,6,"1Fam",1930,1950,2008,0,1,0
117000,10998,3,660,5,5,"1Fam",1941,1960,2009,0,2,0
83000,1953,2,264,5,6,"Twnhs",1973,1973,2006,1,1,0
167500,9735,3,400,5,5,"1Fam",2006,2007,2008,1,2,0
58500,8212,2,200,3,3,"1Fam",1914,1950,2010,0,2,0
237500,12925,4,550,7,6,"1Fam",1970,1970,2008,1,2,0
157000,7200,4,576,7,7,"1Fam",1920,1950,2006,1,2,0
112000,25339,3,576,7,5,"1Fam",1918,2007,2007,0,2,0
105000,9060,2,280,5,6,"1Fam",1939,1950,2009,0,1,0
125500,5436,3,240,8,4,"1Fam",1922,2007,2010,0,2,0
250000,16692,5,564,5,7,"1Fam",1978,1978,2006,1,4,0
136000,8520,5,216,7,6,"1Fam",1916,1950,2007,0,2,0
377500,14892,3,758,5,9,"1Fam",2006,2007,2009,0,3,0
131000,6000,3,440,6,6,"1Fam",1941,1950,2007,1,1,0
235000,9100,3,541,5,7,"1Fam",2000,2000,2006,0,3,0
124000,8944,4,792,5,5,"Duplex",1967,1967,2009,0,2,0
123000,7838,3,288,5,5,"1Fam",1967,1967,2006,0,2,0
163000,10800,3,672,7,6,"2fmCon",1905,2000,2008,0,2,0
246578,4045,2,648,5,7,"TwnhsE",2006,2006,2006,0,3,0
281213,12665,4,642,5,8,"1Fam",2005,2006,2007,1,2,0
160000,57200,3,572,5,5,"1Fam",1948,1950,2010,0,2,0
137500,6120,4,180,8,5,"1Fam",1920,2004,2007,1,1,0
138000,7200,3,240,4,5,"1Fam",1950,1982,2009,1,2,0
137450,6171,3,216,6,6,"1Fam",1925,1990,2009,1,2,0
120000,6000,3,208,7,6,"1Fam",1929,1950,2008,0,1,0
193000,7415,3,398,5,6,"1Fam",2004,2004,2008,1,3,0
193879,6762,2,662,5,7,"1Fam",2006,2006,2006,0,2,0
282922,15256,3,754,5,8,"1Fam",2007,2007,2007,0,3,0
105000,10410,3,936,4,3,"1Fam",1915,1950,2006,0,1,0
275000,3842,2,482,5,8,"TwnhsE",2004,2005,2008,1,3,0
133000,8445,2,396,7,5,"1Fam",1972,2007,2009,0,2,0
112000,8780,3,0,5,5,"1Fam",1985,1985,2009,0,2,1
125500,7740,3,528,7,4,"1Fam",1910,1950,2010,0,1,0
215000,20544,3,542,6,7,"1Fam",1986,1991,2008,1,2,0
230000,12420,3,622,5,7,"1Fam",2001,2001,2009,1,3,0
140000,9600,3,271,8,6,"1Fam",1950,2005,2009,1,1,0
90000,7200,2,420,5,4,"Duplex",1949,1950,2009,0,2,0
257000,10994,2,620,5,8,"1Fam",2005,2006,2009,0,3,0
207000,13053,4,370,7,6,"1Fam",1923,2000,2008,1,1,0
175900,3635,1,660,5,7,"TwnhsE",2007,2007,2009,1,2,0
122500,11340,4,560,6,4,"2fmCon",1885,1950,2010,0,2,0
340000,16545,3,1069,5,8,"1Fam",1998,1998,2009,1,3,0
124000,9204,3,336,5,5,"1Fam",1963,1963,2008,1,2,0
223000,16381,3,540,5,6,"1Fam",1969,1969,2006,0,3,0
179900,11700,3,776,6,6,"1Fam",1968,1968,2006,1,2,0
127500,4043,2,440,5,6,"TwnhsE",1977,1977,2010,0,2,0
136500,4435,1,420,5,6,"TwnhsE",2003,2003,2008,0,2,0
274970,19690,4,432,7,6,"1Fam",1966,1966,2006,0,2,0
144000,9503,2,484,5,5,"1Fam",1958,1983,2007,0,2,0
142000,10721,3,528,6,6,"1Fam",1959,1959,2008,0,1,0
271000,10944,3,525,5,7,"1Fam",1994,1994,2008,1,3,0
140000,10930,3,288,6,5,"1Fam",1945,1950,2008,1,2,0
119000,7200,2,240,7,5,"1Fam",1940,1992,2010,0,2,0
182900,12546,3,467,7,6,"1Fam",1981,1981,2007,0,2,0
192140,21930,4,372,5,5,"1Fam",2005,2005,2006,1,2,0
143750,4928,2,440,6,6,"TwnhsE",1976,1976,2009,0,2,0
64500,10800,4,216,6,4,"1Fam",1927,2007,2007,0,2,0
186500,10261,3,451,5,6,"1Fam",2000,2000,2008,1,3,0
160000,17400,3,484,5,5,"1Fam",1977,1977,2006,0,3,0
174000,8400,3,462,9,6,"1Fam",1962,2005,2008,1,2,0
120500,9000,3,528,6,4,"1Fam",1971,1971,2007,0,1,0
394617,12444,2,774,5,8,"1Fam",2008,2008,2008,0,3,0
149700,7407,2,923,7,6,"1Fam",1957,1996,2010,0,2,0
197000,11584,3,550,6,7,"1Fam",1979,1979,2007,1,2,0
191000,11526,3,672,7,6,"1Fam",1922,1994,2008,0,2,0
149300,4426,1,420,5,6,"TwnhsE",2004,2004,2008,0,2,0
310000,11003,3,812,5,10,"1Fam",2008,2008,2009,1,3,0
121000,8854,2,192,6,6,"1Fam",1916,1950,2009,0,1,0
179600,8500,3,626,5,7,"1Fam",2004,2004,2007,0,2,0
129000,8400,3,240,5,6,"1Fam",1966,1966,2007,0,2,0
157900,26142,3,312,7,5,"1Fam",1962,1962,2010,0,1,0
240000,10000,3,556,5,8,"1Fam",1995,1996,2007,1,3,0
112000,11767,2,384,7,4,"1Fam",1910,2000,2007,1,1,0
92000,1533,1,0,7,5,"Twnhs",1970,1970,2006,0,2,1
136000,9000,4,0,5,5,"Duplex",1974,1974,2009,2,2,1
287090,9262,3,840,5,8,"1Fam",2008,2009,2009,0,2,0
145000,3675,2,525,5,5,"TwnhsE",2005,2005,2006,0,2,0
84500,17217,3,0,5,5,"1Fam",2006,2006,2006,0,1,1
185000,7500,2,400,5,7,"1Fam",2004,2005,2009,0,3,0
175000,7917,3,460,5,6,"1Fam",1999,2000,2007,1,2,0
210000,13175,3,500,6,6,"1Fam",1978,1988,2010,0,3,0
266500,9042,4,252,9,7,"1Fam",1941,2006,2010,0,2,0
142125,9717,2,240,6,5,"1Fam",1950,1996,2010,0,2,0
147500,9937,3,276,6,5,"1Fam",1965,1965,2008,1,2,0
