"difmoy","statW","icbi","icbs","valp"
-0.481843446364067,-1.17440350920752,-1.28609052033444,0.322403627606304,0.240261519809113
0.874970800634856,2.17326660748247,0.0857814347162218,1.66416016655349,0.0297836541828545
-0.729111272935981,-1.82499447819638,-1.51223959274939,0.0540170468774284,0.0680316862039167
-0.583316294301852,-1.44881911805724,-1.37252278681402,0.205890198210312,0.147419488105464
-0.603492252179265,-1.46697400054242,-1.409892387588,0.202907883229466,0.142414964098348
0.426490670417977,1.04747530084671,-0.371626079687666,1.22460742052362,0.294905744627103
-0.412232483554163,-1.02061156734352,-1.20397214955899,0.379507182450659,0.307463205901768
0.190469051327511,0.474116034824177,-0.597012632141414,0.977950734796437,0.635427521493243
-0.286702117976546,-0.700075675156864,-1.08946378475538,0.516059548802284,0.48389634820825
-0.330385498392303,-0.814555559435661,-1.12544787975541,0.464676882970808,0.415346258183698
0.322825128596037,0.803628995261894,-0.464605814331237,1.11025607152331,0.421630403983394
-1.17101337883199,-2.92486807495353,-1.95580991681428,-0.386216840849692,0.00345388818905585
-0.44548775039631,-1.12328275765205,-1.22289277739056,0.331917276597942,0.261344395936107
-0.438532160677298,-1.11124570295808,-1.21208863329152,0.335024311936922,0.26648932592493
-0.497102470201185,-1.22670174264187,-1.29144466572582,0.297239725323449,0.219963612714237
0.553684793734746,1.40811350244946,-0.217086630949504,1.324456218419,0.159128557416764
0.68454188012295,1.67205995598732,-0.117965188828871,1.48704894907477,0.0945438024753086
-0.867222699261575,-2.12260828631319,-1.66809167636377,-0.0663537221593807,0.0338112074930602
-0.859227328926792,-2.12182132010314,-1.65300717641739,-0.0654474814361949,0.0338773296738497
-0.983478697434904,-2.45713274725856,-1.7680584864499,-0.198898908419906,0.0140219884097777
-0.178850077706102,-0.447308289542175,-0.962609804577918,0.604909649165715,0.654662188768541
-0.630677669664351,-1.56448911175598,-1.42087505508464,0.159519715755938,0.117734402259155
-0.124879720248344,-0.314735800091889,-0.902641422788871,0.652881982292182,0.75296884186923
-0.510459542659277,-1.24245659195783,-1.31580247165786,0.294883386339312,0.214097329765989
-0.3143208538755,-0.759599220014353,-1.12544901889334,0.496807311142337,0.447512137856656
-0.166715579850205,-0.413376799845725,-0.957268173930484,0.623837014230073,0.67933943700536
-0.375842227162281,-0.928039934349461,-1.16969450279902,0.418010048474459,0.35340930758588
-0.51309226338725,-1.29371890296209,-1.29051320764131,0.264328680866807,0.195792433292417
-0.190059326856684,-0.475512067071854,-0.973540194437091,0.593421540723723,0.634432438858976
0.278267887220238,0.682469647154811,-0.520978116738621,1.0775138911791,0.494957856708045
-0.292308557701929,-0.737198400354058,-1.06955336115588,0.484936245752018,0.461019009010086
-0.633457276431912,-1.5633400864735,-1.4277209350832,0.160806382219377,0.118004368030559
-0.655017922213844,-1.65249472783788,-1.43200509406708,0.121969249639397,0.0984651853266073
-1.30405362005362,-3.22977426448851,-2.09550509112868,-0.512602148978567,0.00124290989436414
-0.183167786992911,-0.456580256610884,-0.969548121750005,0.603212547764183,0.647982691968648
-0.525804815476235,-1.30955519268783,-1.31285321043454,0.261243579482068,0.190376455235478
-0.141314105408242,-0.352180786824327,-0.927853582054332,0.645225371237848,0.724710107942885
-1.14790714320026,-2.8386082909225,-1.94059465327834,-0.355219633122173,0.0045402161674159
0.035226606386729,0.0896835538185381,-0.734716572129116,0.805169784902574,0.928540482117296
-0.467203881268787,-1.14386248564463,-1.26783678375222,0.333429021214641,0.252708128935786
-0.581586465568463,-1.48400422213354,-1.34979624523686,0.186623314099935,0.137839328090412
-0.471438748719251,-1.17272216256906,-1.25944710148373,0.316569604045227,0.240935185286621
-0.46086166890602,-1.12957240199621,-1.26061708600979,0.338893748197746,0.258683547778398
-0.0144246432903969,-0.035434031113807,-0.812392320930172,0.783543034349378,0.971734357701493
-0.10450537085643,-0.256553188215857,-0.902981366928295,0.693970625215435,0.797528994736148
-0.117852159733175,-0.295172893519512,-0.900491628727882,0.664787309261532,0.767867937232792
-0.528916654551551,-1.30461998522628,-1.3236179183498,0.265784609246695,0.192052318932328
-0.630946991215737,-1.5680010940598,-1.41971119332129,0.157817210889814,0.116912529346628
-0.947112396773562,-2.31285250931334,-1.74981439549624,-0.144410398050889,0.0207509835694849
0.318996083054472,0.787296575722957,-0.475236427251572,1.11322859336052,0.431126937086673
-0.404622671906694,-0.997217915402805,-1.19997787971082,0.390732535897434,0.318683026401052
0.10389964371646,0.256575078326603,-0.689880660723603,0.897679948156522,0.79751210099816
-1.02474197570474,-2.53928912778151,-1.81579035141811,-0.233693599991372,0.0111228184886704
-0.801522581273616,-1.94537565878825,-1.60915353530105,0.00610837275382267,0.0517577744428071
0.232370722131634,0.58491762375025,-0.546360158332282,1.01110160259555,0.558616313816519
-0.0759330552717756,-0.18655731486055,-0.873779500354003,0.721913389810452,0.852011525689882
0.254704167793577,0.637863342983423,-0.528020762251327,1.03742909783848,0.523577274507414
0.116992371320279,0.288345503403132,-0.678333376162935,0.912318118803493,0.773088257473408
-0.881485597761596,-2.17452046550363,-1.67609304784163,-0.0868781476815586,0.0296895455547583
0.830351351018237,2.07277016821723,0.0450950130151586,1.61560768902132,0.0382192512395429
-0.570836720899734,-1.40701315907856,-1.36610648914533,0.224433047345866,0.15945460641987
-0.698702066194699,-1.76447988807372,-1.47490658649846,0.0775024541090651,0.0776818540774942
0.474956923116807,1.21233894883057,-0.292989466063537,1.24290331229715,0.225411344509087
-0.134550346883358,-0.334333369990685,-0.923420943969906,0.654320250203189,0.738135025325499
-0.681779986416075,-1.70826726779581,-1.46410850705695,0.100548534224802,0.0876178404499896
0.122677290461823,0.302443528416578,-0.672420554277057,0.917775135200703,0.762320271274586
-0.17077667766776,-0.42678701905759,-0.955141364625631,0.613588009290111,0.669543652360974
-1.05318942681937,-2.62630756463231,-1.839260481304,-0.267118372334744,0.00864489303665237
-0.46908159129741,-1.17039349024578,-1.25471036536466,0.316547182769837,0.241870666879679
-0.302974070116647,-0.758089675185877,-1.08637764983501,0.480429509601719,0.448415169249574
-0.965552357688381,-2.40875769285851,-1.75130090742232,-0.17980380795444,0.0160249623464975
-0.222592467880901,-0.553609899635492,-1.01073960307946,0.565554667317653,0.579858232705498
-0.308327122393223,-0.77379953417256,-1.08938629365725,0.472732048870805,0.439067643982778
0.0802280937526945,0.198697283999438,-0.711243296573918,0.871699484079307,0.842503589489613
0.562982514245718,1.37448546263907,-0.239906383674584,1.36587141216602,0.169321842516276
-0.800908579197213,-1.99623991737224,-1.58735818288687,-0.0144589755075511,0.0459348965526672
-0.593334658252985,-1.48962723098485,-1.37410413526754,0.187434818761571,0.136353846562526
-0.694014613442334,-1.74015505029311,-1.47578914402392,0.0877599171392497,0.081862669010899
0.451897816525687,1.10913892614375,-0.346749372393216,1.25054500544459,0.267396933395225
0.227628465220562,0.558662050785267,-0.571061358258658,1.02631828869978,0.576404914141
-0.143365798587013,-0.350970892877864,-0.944075596776976,0.657343999602951,0.72561758224705
0.178962294347357,0.44291887637374,-0.613061185639148,0.970985774333863,0.657834002705259
0.202645804985508,0.505749849259973,-0.582775459533069,0.988067069504085,0.613043446050977
-0.0417500393268568,-0.102292435946009,-0.841794398102163,0.75829431944845,0.91852661160676
-0.0979082094819574,-0.248536123178103,-0.870109062445002,0.674292643481087,0.803724730835274
0.0316800453990425,0.0789751749957822,-0.754633901243245,0.81799399204133,0.937053952685152
-0.540417318887478,-1.34833082392641,-1.32607518986874,0.245240552093781,0.177582546006319
-0.745831443144326,-1.88835664873378,-1.52003917750262,0.0283762912139688,0.0590071041442612
-0.128443492992815,-0.322081883973297,-0.91015501760806,0.653268031622429,0.747397400494399
0.322691656547335,0.810360770619128,-0.457875143119437,1.10325845621411,0.417752173539698
-1.36872595414958,-3.43391986568582,-2.15004262888658,-0.587409279412588,0.000597337250015109
0.355152813223867,0.882874322904481,-0.433375290179201,1.14368091662694,0.377325458990121
-1.04511952471248,-2.55141043001713,-1.84806546414533,-0.242173585279625,0.0107435447302936
-0.436462447987012,-1.07751588760518,-1.23046861658591,0.35754372061189,0.281275856281633
0.619239853911424,1.5136666406643,-0.18267698536241,1.42115669318526,0.13014202129714
-0.22841036414566,-0.555501356202564,-1.03440392152496,0.57758319323364,0.578564263247702
-0.220849521852273,-0.552119793300538,-1.00493599433636,0.563236950631814,0.580878656776485
0.240127616204603,0.598175537227437,-0.546762727006167,1.02701795941537,0.549736383788679
0.327881846031985,0.79744229888613,-0.478087978313217,1.13385167037719,0.425213142466872
-0.102449996390618,-0.256480247301855,-0.885444581781652,0.680544589000416,0.797585314506185
0.347881026447908,0.860883016064618,-0.444232461100548,1.13999451399636,0.389323173942376
-0.302131556445616,-0.755326685849843,-1.08621471301112,0.481951600119887,0.450070849683205
-0.189804680679629,-0.467702121754632,-0.985301138706067,0.605691777346809,0.640007817952223
-0.396058713347912,-0.983744121277664,-1.1852427381238,0.393125311427977,0.325265232369189
-0.122749137315253,-0.300298745525922,-0.923994735376077,0.678496460745571,0.763955540199342
-0.324687332663018,-0.800808275358935,-1.11945011929401,0.470075453967976,0.423261698550361
0.0372404755821094,0.0897515952573143,-0.776102518611601,0.85058346977582,0.928486412671668
0.166406539310586,0.411133108334697,-0.62698690773632,0.959799986357491,0.680983746170893
-0.488828896350483,-1.19269323157061,-1.29222333488533,0.314565542184362,0.233017860701416
-0.276770861259706,-0.688418932013927,-1.06484710709134,0.511305384571928,0.491204979891605
-0.376051231099467,-0.941831285626984,-1.15871382876473,0.406611366565793,0.346301784048195
-0.440999007428289,-1.08458942507645,-1.23802583306885,0.356027818212275,0.278129704108749
-0.223580472894099,-0.55938409231088,-1.00705437672877,0.559893430940567,0.575912171202761
-0.901458886797059,-2.20339712273179,-1.70342095168783,-0.0994968219062918,0.0275894936406578
0.0697524646158598,0.172032031576208,-0.725034834384444,0.864539763616164,0.863415829271791
-0.821949114168106,-1.99653186432608,-1.62894184193754,-0.0149563863986735,0.0459032649575063
-0.225873473218726,-0.561156174641355,-1.01488315903065,0.563136212593199,0.574703695708796
-0.60478018649988,-1.50278801111363,-1.39364121772343,0.184080844723667,0.132925301790254
0.267191891535234,0.670618543245495,-0.513803476177117,1.04818725924758,0.502479077960086
0.124746820637966,0.315995402524358,-0.649090173908599,0.898583815184532,0.75201260600637
-0.342318129413457,-0.858319327754223,-1.12409298888514,0.439456730058226,0.390736744286238
-0.236142965062385,-0.580541974628673,-1.03348030702861,0.56119437690384,0.561562285432834
-0.189085548013622,-0.470039477232126,-0.977627271981893,0.599456175954648,0.638337066535104
0.0299240452656306,0.0736467885016303,-0.766541809822691,0.826389900353952,0.941292913709799
-0.566051087490791,-1.39758429301927,-1.35997419086427,0.227872015882683,0.16226903682529
-0.424151673833734,-1.05207517048221,-1.21442095275616,0.366117605088689,0.292790496752623
-0.369230842450946,-0.899991921361945,-1.17342337683637,0.434961691934473,0.368146229023605
-0.289604917722997,-0.726162396271476,-1.07136386712569,0.4921540316797,0.467756224945392
-1.0181945678237,-2.55147723432676,-1.80043452546664,-0.235954610180758,0.0107415559721393
0.118426666329569,0.291661851398079,-0.677495450307735,0.914348782966872,0.770551233802303
0.0784940944440535,0.194493006257765,-0.712610168240135,0.869598357128242,0.845793827527971
-0.261471320266537,-0.661744778349903,-1.03599419607754,0.513051555544464,0.508150064949207
-0.704554392056849,-1.77122695150523,-1.48427854100458,0.0751697568908813,0.0765534279856257
-0.00518856678840507,-0.0128601819115741,-0.796051329741099,0.785674196164289,0.989739599593576
-0.0673548469591765,-0.167997237717748,-0.853255056784098,0.718545362865745,0.866588851583551
-0.102428110122403,-0.253315485924345,-0.895035450268295,0.690179230023488,0.800029638627331
-0.873113714750886,-2.17799751099363,-1.65891763845233,-0.0873097910494407,0.0294295534181089
-0.313006437936565,-0.775527625951624,-1.10415249916488,0.478139623291749,0.438046291496781
-0.762867264837766,-1.83339652488814,-1.57849741639455,0.0527628867190191,0.0667733517394776
-0.65523906272432,-1.59992631949557,-1.45802636164941,0.147548236200767,0.109646541180504
-0.634325017325025,-1.58708672219186,-1.4177760405552,0.149126005905145,0.112524627749825
-0.0428208747092071,-0.109498554506167,-0.809383814255924,0.72374206483751,0.912809265801061
0.225210139642755,0.572887880624011,-0.545372119024436,0.995792398309946,0.566733501763442
-0.322702329598897,-0.802672455112638,-1.11077166460996,0.465367005412166,0.422183163715976
0.082187643116356,0.206456423383985,-0.698143262910319,0.862518549143031,0.83643860540298
-0.353671009254384,-0.898519567370297,-1.12523615097738,0.417894132468607,0.368930258341922
0.0327427271136003,0.0832192410368031,-0.738501222000771,0.803986676227971,0.933678879740782
0.242697177505192,0.605050857685799,-0.543576098106344,1.02897045311673,0.545158937141669
-0.113371861387009,-0.281635189188596,-0.902448262890432,0.675704540116415,0.778229086418514
-0.418585444636122,-1.04752665968998,-1.20187026131293,0.36469937204069,0.29488206548051
-0.0554458159231501,-0.136169713213053,-0.853604129177507,0.742712497331207,0.891689865027823
-0.764826992620414,-1.92471157543925,-1.54375685771001,0.0141028724691868,0.0542938676271997
-0.0577328502255483,-0.14352655507746,-0.846214359848068,0.730748659396971,0.885877238756164
-0.604617555089362,-1.50299192221232,-1.39315949849835,0.183924388319621,0.132872724400305
-0.01457464744378,-0.0359946061411464,-0.808283775399068,0.779134480511508,0.971287379423428
-0.225644941903781,-0.555060729247894,-1.02251189952248,0.57122201571492,0.578865551563098
-0.101313249620617,-0.250591188427959,-0.893816633359263,0.691190134118029,0.802135344747391
-1.25388937727178,-3.14727728767574,-2.03484244129394,-0.472936313249611,0.00165283188496957
0.0788799975182002,0.197931204979235,-0.702304287012853,0.860064282049253,0.843102929015423
0.0856405503521955,0.216146752731416,-0.69102031984495,0.862301420549341,0.828877768841454
-0.555959770718701,-1.38720923867205,-1.3415610630811,0.229641521643696,0.165408963818058
-0.879680618573062,-2.18209760246931,-1.66990699482052,-0.0894542423256069,0.0291255289754819
-0.477022925204906,-1.18748223056301,-1.2644545011792,0.310408650769386,0.235065685505949
-0.34398907995633,-0.833860631103932,-1.15262284094287,0.464644681030214,0.404379450565769
-0.414903506965274,-1.03367480565976,-1.20170273536389,0.371895721433339,0.301313255385337
0.168441604409168,0.428101495134534,-0.602822818885481,0.939706027703816,0.668586450334451
0.2007703911504,0.503212318813489,-0.581305879941113,0.982846662241912,0.614826098209019
-0.405561320830202,-1.02346447727327,-1.18231709903179,0.371194457371384,0.306113081236878
-0.219387307488688,-0.552573187606203,-0.997643442962752,0.558868827985376,0.580568104300663
-0.496083435320614,-1.25414289682414,-1.27145233847336,0.27928546783213,0.209819395113109
-0.216582402565095,-0.539188638740596,-1.00396014140975,0.57079533627956,0.58976871133673
-0.69517292373024,-1.73138029548589,-1.48222077648774,0.0918749290272556,0.0834148599410203
-0.522273534972001,-1.27147501419196,-1.3274496054751,0.282902535531102,0.203589288038504
-0.0931374176011701,-0.233122712308607,-0.876279049885233,0.690004214682893,0.815670894513473
-0.212795630463589,-0.518287130334224,-1.01760493113768,0.5920136702105,0.604269427776178
-0.149201944283789,-0.369832988761053,-0.940007197262842,0.641603308695265,0.711514772954829
-0.128073818657484,-0.319569734729965,-0.91366312285013,0.657515485535163,0.749301219602065
0.201558406044839,0.488746816640449,-0.606825493006498,1.00994230509618,0.625031676921038
-0.168802717651616,-0.41165715824305,-0.972596138636773,0.634990703333541,0.680599557281088
-0.240276790271096,-0.59089220590872,-1.03736113864778,0.556807558105583,0.55460601863134
-0.450855901816681,-1.12078268215729,-1.23938373940435,0.337671935770989,0.26240730387684
-0.361232371693333,-0.895207400677356,-1.15220904503994,0.429744301653274,0.370697783351287
-0.671900682005386,-1.64820257663744,-1.47098983514216,0.127188471131383,0.0993425724996087
-0.754372016664107,-1.88112474869883,-1.54045545623255,0.0317114229043352,0.0599839880502951
-0.50954911218291,-1.24592705479826,-1.31121655187078,0.292118327504963,0.212820449748408
-0.676547604146307,-1.64991158157887,-1.48033056456938,0.127235356276765,0.0989926945950762
-0.400723564241929,-0.994782307970184,-1.19034276190542,0.388895633421563,0.319866318942772
-0.000719605061533457,-0.00181428884077074,-0.778198234998251,0.776759024875184,0.998552443943198
-0.634591838367356,-1.56679795697131,-1.42852219189454,0.159338515159823,0.117193723227229
-0.681994391579707,-1.67100616757364,-1.48201946431652,0.118030681157102,0.0947518626589151
-1.010257143616,-2.43111709052801,-1.82482464204958,-0.19568964518242,0.0150699229061456
0.125642026685227,0.30316480375619,-0.686733497690555,0.938017551061009,0.761770578600021
-0.0945044836651761,-0.229786991214388,-0.900676399916928,0.711667432586576,0.818261996309381
-0.17952780345405,-0.457854215581213,-0.948136353506925,0.589080746598825,0.647067139799323
-0.930042346137995,-2.35706734719175,-1.70349091577034,-0.156593776505652,0.0184390898900123
0.0135451430339799,0.0341289424584476,-0.764422430651143,0.791512716719103,0.972775011270595
-0.00740932124610083,-0.0181329712591341,-0.808368052403753,0.793549409911551,0.985533136962922
-0.0787314039881011,-0.193215610009649,-0.877473337497462,0.72001052952126,0.846794041036727
-0.235550099040893,-0.591156971768265,-1.01660433535628,0.545504137274493,0.554428625908657
-0.300557863687629,-0.73770592400245,-1.09918774684113,0.498072019465869,0.460710505063617
-0.557732163655245,-1.38465865409476,-1.34728978389891,0.231825456588418,0.166187879909234
-0.368220619866435,-0.918502515461045,-1.15405030227669,0.417609062543825,0.358378001804028
-0.837735104800899,-2.10737855805888,-1.61696384402783,-0.05850636557397,0.0351096769256792
-0.439037810732202,-1.10078375297628,-1.22084685616435,0.342771234699941,0.271017339984074
-0.840064673916501,-2.01897753661794,-1.65567351047854,-0.0244558373544621,0.0435162017567954
-0.563890833234737,-1.4122404621413,-1.34657595013331,0.218794283663834,0.157910306868094
0.283432874356237,0.697539114914709,-0.513060796018157,1.07992654473063,0.485481690714168
0.326490048898989,0.808416968525495,-0.465163840771213,1.11814393856919,0.418869877463998
-0.60709341285137,-1.50064802920954,-1.40010137047745,0.185914544774706,0.133478317365985
-0.172579972076747,-0.422658511127881,-0.972969643423104,0.627809699269611,0.672553524768351
-0.00829490390722754,-0.0204764739366262,-0.802361377522611,0.785771569708156,0.983663687857083
0.145862000512295,0.358550308071305,-0.651568443853047,0.943292444877637,0.719939107903792
-0.874430312694869,-2.14442595156653,-1.67373985759849,-0.0751207677912532,0.0320228886554713
0.178855376178745,0.453790165217266,-0.593731969892126,0.951442722249617,0.649989712684631
-0.178789133612881,-0.450673120145228,-0.95643189607367,0.598853628847908,0.652234931117819
0.335137357558381,0.85279647925665,-0.435195327664675,1.10547004278144,0.393792687998651
-0.612551816736627,-1.50550023178976,-1.41011055198535,0.185006918512095,0.132227107933087
0.434166932014449,1.07924569899817,-0.35439732930556,1.22273119333446,0.280504249833269
-1.06159221305117,-2.60991568625594,-1.85891085571193,-0.264273570390406,0.00906995477488355
-0.643725877033233,-1.57557813015699,-1.44459527391941,0.157143519852947,0.115154701830021
-0.387998846328074,-0.950252986658695,-1.18837082445278,0.412373131796637,0.342006696528806
0.225444724049424,0.546874223404576,-0.582633327756065,1.03352277585491,0.584477355060629
-1.07384650616265,-2.65726681660251,-1.86599778104618,-0.281695231279128,0.00789032608468748
-0.191160611137505,-0.465328285257112,-0.99642725366405,0.61410603138904,0.641706532655911
-0.328181392933146,-0.815820212478106,-1.11671502262927,0.460352236762976,0.414622427336158
-0.52781016025196,-1.30598754703645,-1.32001847251631,0.264398152012389,0.191586847171181
-0.40108498522433,-0.99229243631442,-1.19339910188581,0.391229131437149,0.321078906162928
0.571926049610937,1.43054956614787,-0.211751958186617,1.35560405740849,0.152590614827268
0.0642172848208986,0.156802544275224,-0.738568418754376,0.867002988396173,0.875403641287207
-0.854154607132742,-2.10160098257302,-1.65084008334459,-0.0574691309208903,0.0356132038868115
-0.360231176289588,-0.882853750815827,-1.1600530417718,0.439590689192626,0.377336550410128
-0.179419901008728,-0.44121790842298,-0.976529721185547,0.61768991916809,0.659064792016567
-0.10727951180472,-0.264889975268404,-0.901154224171695,0.686595200562256,0.791099685150997
0.231593449834918,0.570666776975199,-0.56391418590951,1.02710108557935,0.568238368526607
-0.474357984119877,-1.1621355987058,-1.27446894964768,0.325752981407923,0.245208204812297
-0.604495407955824,-1.50236033871464,-1.39320962907417,0.184218813162527,0.133035718826734
-0.0854953636224565,-0.213070361324328,-0.872034324295982,0.701043597051069,0.831276430245708
-0.00409011175302965,-0.0100535205915805,-0.801566287259597,0.793386063753538,0.991978787021152
0.116401152927139,0.292975754442602,-0.662399502167999,0.895201808022278,0.76954676863026
0.250689042475344,0.631776849671715,-0.527118806986664,1.02849689193735,0.527547150038623
-0.181667616880389,-0.445357798787975,-0.981260916927518,0.617925683166739,0.65607085038072
0.326939731758927,0.800134779868381,-0.47400993594674,1.12788939946459,0.423651723745989
0.538182696545775,1.32739192703576,-0.256568812158099,1.33293420524965,0.184409453891515
-0.55344356806215,-1.36362832103207,-1.34901317997859,0.242126043854287,0.17271538274377
-0.541378183040592,-1.33089786595481,-1.33874231166529,0.255985945584105,0.183252970432629
-0.299790385204801,-0.75881125931153,-1.07422473051022,0.474643960100621,0.447983357711671
-0.629531934086657,-1.59341110852578,-1.40397734450661,0.1449134763333,0.111099735712651
0.613574314031951,1.52899071638453,-0.173042126967082,1.40019075503098,0.126298397375923
-0.526133739541734,-1.28117126561747,-1.33112227297102,0.27885479388755,0.20016326564557
0.139464715483001,0.343109833890885,-0.657303352858425,0.936232783824427,0.731523056897863
-0.437312343756091,-1.07429220010393,-1.23525201211414,0.360627324601961,0.282717701356254
-0.0542755404264881,-0.134107873000355,-0.847599473103571,0.739048392250594,0.893319973641975
-0.297945760320928,-0.722616468834484,-1.10616658216349,0.510275061521638,0.469932452750767
0.172567804878042,0.423823829814592,-0.62556484418366,0.970700453939745,0.67170341612411
-0.706314691451865,-1.7734366904543,-1.48701320456914,0.0743838216654123,0.0761868849786863
-0.669915309478043,-1.6605904961611,-1.46069984539741,0.12086922644132,0.0968271614331857
-0.0709753700197666,-0.17130938624042,-0.883108409146476,0.741157669106943,0.863983967397224
-0.0899063084109741,-0.222719024022982,-0.881192533690015,0.701379916868067,0.823758751106845
-0.128384511666383,-0.32084709580205,-0.912744077159643,0.655975053826878,0.748332974036093
0.0123579132362579,0.029938114002867,-0.796778008487176,0.821493834959692,0.976117007671893
-0.0582133097086626,-0.14415220227182,-0.849805847981296,0.73337922856397,0.885383189715842
-0.414527728999019,-1.01431554200872,-1.2156174844523,0.386562026454264,0.310456755835581
-0.738846246422526,-1.85878597841569,-1.51800393979871,0.0403114469536618,0.0630868489306933
0.220036686480555,0.546307453964923,-0.569475251636808,1.00954862459792,0.58486681778007
0.29671068938012,0.736229489431084,-0.493277628792409,1.08669900755265,0.461608326622322
-0.387958556571576,-0.957682688912717,-1.18203879524927,0.406121682106116,0.338245954396862
-0.750358206455573,-1.81001875591038,-1.56297602363892,0.0622596107277754,0.0703229529377698
-0.24145102786845,-0.614119488492615,-1.01213593010957,0.52923387437267,0.53915034469961
0.539806282513013,1.34999040892868,-0.243998567369677,1.3236111323957,0.177049634946626
-0.308408544668183,-0.763258937056259,-1.10046324450848,0.48364615517211,0.445326995495373
-0.350825592439506,-0.866830967596802,-1.14416239778916,0.442511212910152,0.386055467298374
-0.446016522382891,-1.10495838521504,-1.23725189948476,0.345218854718978,0.269204212198313
-0.715804541620358,-1.76656759740024,-1.51006851872572,0.0784594354850019,0.0773311833132914
-0.710858870763346,-1.77395019077532,-1.49635247700529,0.0746347354785954,0.0761018296809858
-0.420240269006243,-1.03650968773188,-1.21498030608632,0.374499768073837,0.299989548312318
-0.389427640657601,-0.959216845275726,-1.18524000941443,0.406384728099229,0.337472728173534
-0.988829108105051,-2.41777481716579,-1.79051863652581,-0.187139579684289,0.0156335504596049
-0.304383771505599,-0.753230570714719,-1.09651018374881,0.487742640737612,0.451329198307099
0.0354938578707333,0.0875925531484658,-0.758810074288777,0.829797790030244,0.930202276097436
0.259679189112703,0.653414490479629,-0.519341623905232,1.03870000213064,0.513504127269434
0.0495627899467337,0.122584289172428,-0.74297815234439,0.842103732237858,0.902438764757509
-0.146213825048861,-0.36849556859001,-0.923993954672057,0.631566304574336,0.712511551455518
0.030736993699378,0.0774990739311487,-0.746700623877957,0.808174611276713,0.938228078916987
-0.904781583875987,-2.30224736320577,-1.67513950389267,-0.134423663859309,0.0213417158124909
-0.43171297087693,-1.06796903442192,-1.2240995823195,0.360673640565636,0.285560276215007
-0.6049901717479,-1.52864419711501,-1.38077734854609,0.170797005050289,0.126384319763054
-0.55926883952958,-1.40209819710654,-1.34115383172806,0.2226161526689,0.160916980252957
0.0194511319291877,0.048812533547024,-0.761662501754301,0.800564765612677,0.961069669103795
0.0435199388157201,0.106811465345459,-0.755156899330374,0.842196776961814,0.914940695205839
0.156540829879503,0.385971425778041,-0.638470273243931,0.951551933002938,0.69952605086436
-0.102474271337954,-0.248886806140489,-0.909548807539791,0.704600264863883,0.803453454733559
-0.757830131299613,-1.90367561052255,-1.53816246356935,0.0225022009701278,0.0569811342287823
-0.659480743480742,-1.64736168792899,-1.44419972408002,0.125238237118533,0.0995153474859603
-1.44942673352864,-3.57295487838528,-2.24461412218756,-0.654239344869715,0.000354639036326395
-0.156237526589621,-0.38777434937214,-0.946019333723735,0.633544280544494,0.698191312467738
-0.554819525880077,-1.39324159676218,-1.3354149368645,0.225775885104349,0.163577729444677
0.0334010635286859,0.082582638021294,-0.759414608666446,0.826216735723817,0.93418506055398
0.162876437135751,0.408086037038042,-0.61948483194226,0.945237706213761,0.683219273892196
-0.163469192057931,-0.409096989857427,-0.946737067756842,0.619798683640979,0.68247725030416
-0.249482612714573,-0.619740999259021,-1.03858023902352,0.53961501359437,0.53544244452549
-0.421087137243489,-1.04684643050209,-1.20956558704394,0.367391312556963,0.295195795446276
0.156871368261207,0.390756192893455,-0.630063047568138,0.943805784090552,0.695985792857141
0.147439301158698,0.363922999091465,-0.646714185880049,0.941592788197445,0.715923207474186
-0.881952831103021,-2.20954135550147,-1.66438003041896,-0.0995256317870781,0.027159608312927
0.208880893168129,0.518609672426639,-0.58063118910923,0.998392975445487,0.604044441621747
-0.0799628540673041,-0.198448716907343,-0.869805965652995,0.709880257518387,0.842698052907129
-0.78893917857485,-1.94225337206279,-1.58516879312676,0.0072904359770555,0.0521344894001301
-0.245392462099517,-0.607297475089514,-1.03745692159723,0.546671997398195,0.543667335282092
-0.196251007484349,-0.489331436029588,-0.982408329214259,0.589906314245561,0.624617806704282
-0.875529496471941,-2.19585285466865,-1.65710018512038,-0.093958807823503,0.028125386657643
-0.632139452149076,-1.5828815529349,-1.41496532253082,0.150686418232668,0.113480106722234
0.421010302220225,1.06306070475775,-0.355300110304515,1.19732071474496,0.287780138921172
0.700682421950233,1.76067920970412,-0.0794024179568855,1.48076726185735,0.0783233877423761
-0.226256008243283,-0.56377687647702,-1.01292779522221,0.56041577873564,0.572918645855404
-0.302450396114139,-0.748665796345012,-1.09434400141144,0.489443209183159,0.454076275822215
0.0787755069870428,0.196896116718136,-0.705474854446645,0.863025868420731,0.843912834911873
-0.164009300753364,-0.406970936313361,-0.953970573387171,0.625951971880444,0.684038054646436
-0.669172368821108,-1.70589206348605,-1.43810299285726,0.0997582552150459,0.0880592582901561
-0.451700039892643,-1.13349633292071,-1.23284328503394,0.329443205248658,0.257033060283468
-0.0648154598004425,-0.160718766247934,-0.855335141221468,0.725704221620583,0.872318155376822
-0.865299054760882,-2.13152500544318,-1.66104885489144,-0.0695492546303239,0.0330702628406072
-0.0160625995528676,-0.0389000959322341,-0.825467514970501,0.793342315864765,0.968970816871292
0.0678103910573213,0.170520343629804,-0.711698565388372,0.847319347503014,0.864604412735577
-0.105074740226911,-0.259568940319202,-0.898573561171341,0.688424080717519,0.795201643251206
-0.0845940521720792,-0.206940920307833,-0.885892173548282,0.716704069204124,0.836060212765256
-0.353052104462478,-0.879146379611069,-1.14023978172856,0.434135572803607,0.379343043510485
-0.888949816917105,-2.18751326711105,-1.68552626251223,-0.0923733713219822,0.0287282589244553
-0.421374924047711,-1.04305313408288,-1.21326153506778,0.370511686972357,0.296948940231233
-1.1588172908488,-2.85377045993567,-1.95478744436986,-0.362847137327748,0.00432928227757815
-0.20020572689296,-0.500515099525181,-0.984285189666067,0.583873735880146,0.616723464030545
-0.589617818032309,-1.45922854885182,-1.38165939675277,0.202423760688155,0.144533647192366
0.0887545448261733,0.217823902190103,-0.709949420446936,0.887458510099282,0.827570774421045
-0.620921899013382,-1.58227998771436,-1.39014853129099,0.148304733264224,0.113617297913861
-0.15904764400176,-0.38298149652406,-0.973095847316209,0.65500055931269,0.701741626212588
0.416935207734781,1.02406120405106,-0.381139095503627,1.21500951097319,0.305831143980699
-0.119761575706292,-0.30181735062111,-0.897572376344379,0.658049224931795,0.762797580995112
0.415166689377301,1.02804239398451,-0.37644502842613,1.20677840718073,0.303954788239017
-1.18382925962139,-2.92500654494868,-1.97717674821751,-0.390481771025269,0.00345231176821102
-0.538874169882575,-1.31155995442849,-1.34425255008772,0.266504210322568,0.189698813715935
0.517099678301207,1.30053258109514,-0.262288297409306,1.29648765401172,0.193448473116829
-0.482585798413481,-1.18220671756597,-1.28275497597964,0.317583379152675,0.237151821033937
-0.378878854555055,-0.925747437779179,-1.1811274656821,0.42336975657199,0.354599786323794
0.0373624594303692,0.0917990264080053,-0.760444948145156,0.835169867005894,0.926859557205124
0.538992772125425,1.3037338328332,-0.271398489934113,1.34938403418496,0.192354409404251
-0.0138794786449239,-0.0339365090763756,-0.815569966690911,0.787811009401063,0.972928458313831
-0.489500684959893,-1.20575972237624,-1.28528118258324,0.30627981266345,0.227938732841161
-0.0313172213172237,-0.0781295856160219,-0.817038663583532,0.754404220949085,0.937726543661826
-0.766444854911512,-1.88739574905022,-1.56245519979698,0.0295654899739541,0.0591361112214453
-0.13241363834473,-0.320734039450097,-0.941674124643843,0.676846847954384,0.748418652676393
0.271540700620491,0.673727739166385,-0.518503123903076,1.06158452514406,0.500499999617854
-1.01081605759788,-2.48822269274065,-1.80712884092009,-0.214503274275665,0.0128545285827034
0.393046966597495,0.973779632895985,-0.398149683499577,1.18424361669457,0.330189530026551
-0.272022651686015,-0.683079127802774,-1.05263377746632,0.508588474094289,0.494572675070756
-0.816023867628957,-2.03627228028898,-1.60156281752987,-0.0304849177280445,0.0417493421793872
-0.100706207764006,-0.251804247166597,-0.884666138113849,0.683253722585837,0.801197550272281
-0.176780650958463,-0.43516273694627,-0.973093609091394,0.619532307174468,0.66345371606861
0.439059847262826,1.0862880152149,-0.353221811487515,1.23134150601317,0.277377875628939
-0.362899909589657,-0.928184170364547,-1.12929623975057,0.403496420571254,0.353334469814842
-0.202549371760199,-0.499646022558247,-0.997187075498909,0.592088331978511,0.617335347566748
-0.551263339298728,-1.36786321663889,-1.34124539107852,0.238718712481068,0.171385704901766
-0.682053648750056,-1.66576105137517,-1.48466724961725,0.120559952117138,0.095792351551524
-0.633751688237894,-1.57642811182018,-1.42178697115305,0.154283594677261,0.11495883300357
-0.126785255871283,-0.310128114349492,-0.928146420535409,0.674575908792843,0.756469998451165
-0.628694131989974,-1.56784596192246,-1.41471977606431,0.15733151208436,0.116948750222217
-0.114072207033729,-0.279910629218324,-0.912914782024611,0.684770367957153,0.779551871490185
-0.765181687610777,-1.85618972377692,-1.5732404971665,0.0428771219449439,0.0634559734216338
-0.505526531359351,-1.25936980691738,-1.29237567901339,0.281322616294693,0.207926263300709
0.347190532903056,0.879594099560052,-0.426533803643036,1.12091486944915,0.379100384887577
-0.246627160689783,-0.616986295112767,-1.03017616745296,0.53692184607339,0.5372578439678
-0.392082001019745,-0.959406875463613,-1.19315990283319,0.408995900793701,0.337377013752992
0.429413384606718,1.06655034162134,-0.359800916907205,1.21862768612064,0.286200716946198
0.0121487172871468,0.0297170274382947,-0.789207825391503,0.813505259965796,0.976293325766459
-0.726161542159389,-1.81154672872418,-1.51191170024609,0.0595886159273142,0.0700863148461656
-0.724824494784073,-1.79495152043517,-1.51637917130635,0.0667301817382047,0.0726916811911266
0.0794549776606743,0.197275940902915,-0.710036988518858,0.868946943840206,0.843615620409541
-0.616479122553031,-1.55177921345609,-1.39521317810159,0.162254932995527,0.120746745536471
-0.556114442998705,-1.38274632717501,-1.34447036478405,0.232241478786637,0.166773545434086
-0.0663070647480595,-0.16702703227181,-0.844475720072399,0.71186159057628,0.867352158459762
-0.363834360224729,-0.903482620328761,-1.15321161426326,0.425542893813806,0.366291587778106
0.546826108729917,1.36543456450978,-0.238190822241024,1.33184303970086,0.172147227795298
-0.871107931742472,-2.14401360764532,-1.66753339225508,-0.0746824712298632,0.0320558553563853
0.297256524891154,0.723056529070207,-0.508604021939385,1.10311707172169,0.469662094895988
-0.600574207752118,-1.46972882257406,-1.40157006888926,0.200421653385027,0.141666760231323
-0.741516096134646,-1.83783586358603,-1.53240343582467,0.0493712435553824,0.0661163009999687
-0.55072469754802,-1.36324898006237,-1.34260605212748,0.241156657031444,0.172834797184604
-0.464067771008189,-1.15499706884846,-1.2516598971029,0.323524355086526,0.248119319113144
-0.372570166558418,-0.922963293192171,-1.16383970768323,0.418699374566396,0.356048662892549
-0.290861407110938,-0.711491894363701,-1.09220158018641,0.510478765964529,0.476796103371012
-0.490802840120196,-1.21624445827674,-1.28182175960889,0.3002160793685,0.223920530135449
-0.558435954532499,-1.39003416438423,-1.34593240884921,0.229060499784209,0.164549472223482
-0.535195606845718,-1.3320922683108,-1.32274728126608,0.252356067574647,0.182860324541549
-0.72048478749447,-1.81427636374728,-1.49891962526522,0.0579500502762838,0.0696652739533809
0.370114383251689,0.931609444665317,-0.408644033529267,1.14887280003265,0.351560896592384
-0.0473626593426957,-0.117684899523001,-0.836251925982531,0.741526607297139,0.906319697805036
-0.242671341621019,-0.59135747932542,-1.04706613965559,0.561723456413551,0.554294340864868
-0.36912941040562,-0.90983253518277,-1.16440543058324,0.426146609772002,0.362932779216299
-0.653632289959717,-1.64502808573872,-1.43249489257968,0.125230312660246,0.0999954554815661
-0.55169955982393,-1.36617500272805,-1.34328351408398,0.23988439443612,0.171914773487814
-0.55717492594799,-1.38367734998799,-1.34650296629088,0.232153114394903,0.166488237991427
0.278670451600391,0.692811304697476,-0.509784048492145,1.06712495169293,0.48844407180456
0.404479600202492,1.02663868771319,-0.367809076460815,1.1767682768658,0.304615466952851
0.110721735661969,0.274260540835619,-0.680631230998765,0.902074702322702,0.783890073080839
0.422861399773382,1.0377337733263,-0.37589219171153,1.22161499125829,0.299419142794692
-0.294695060088657,-0.744511597390573,-1.07058846465847,0.481198344481155,0.456584526588704
0.198621478847329,0.491413436402574,-0.593660664792484,0.990903622487142,0.623144852945887
0.532787254313661,1.3008425500417,-0.270054157627141,1.33562866625446,0.193342335907409
-1.07119664492824,-2.63374378446187,-1.86845030142086,-0.273942988435615,0.00845796396217702
-0.0346608856720962,-0.0855072170872441,-0.829241128815114,0.759919357470922,0.931859877016608
0.237741994209927,0.578554744841476,-0.567751659781418,1.04323564820127,0.56290268302718
-0.317744265483299,-0.793489464192124,-1.10268583034662,0.467197299380018,0.427511571768803
-0.852590316277301,-2.15775908918264,-1.62712010093405,-0.0780605316205482,0.0309703133347696
0.570438715059453,1.4187912605231,-0.217679155060885,1.35855658517979,0.155991062822743
-0.395738110572964,-0.969613579004664,-1.1957748708788,0.404298649732869,0.332262635162464
-0.942828594761608,-2.3810721513477,-1.71900618291346,-0.166651006609753,0.0172810269492864
0.202200482173467,0.508264995717461,-0.577616448686169,0.982017413033103,0.611278729490625
-0.577024138707969,-1.4043974050169,-1.38241140844328,0.228363131027343,0.160231682534302
-0.313067924974064,-0.777997381745794,-1.10185740485866,0.475721554910536,0.436588966808101
-0.398808177937212,-0.993063956789844,-1.18601270201895,0.388396346144527,0.32070285479131
0.321483795126269,0.798672520731565,-0.467541736995095,1.11050932724763,0.424499311049137
-0.0067053263795458,-0.0167214990662909,-0.792746661247108,0.779336008488016,0.986659129447924
-0.429912033937967,-1.07733042021164,-1.21213643431999,0.352312366444053,0.281358674721675
-0.103404502889248,-0.257035357726013,-0.891987280358328,0.685178274579832,0.797156771074688
-0.780406247906143,-1.9499021978471,-1.56493473861348,0.00412224280119643,0.051215765110633
-0.145162036799945,-0.361279964475686,-0.932769569692649,0.642445496092758,0.717897805786214
-0.031628743235558,-0.0787059274694729,-0.819354764065876,0.75609727759476,0.937268106570054
-0.242756,-0.606345452755253,-1.02754171763061,0.542029717630613,0.54429929833411
0.156183250484148,0.384398380157399,-0.640257766662512,0.952624267630807,0.700691382531292
0.121772405052781,0.293982717013203,-0.690174845811043,0.933719655916605,0.768777219695944
-1.07204233661955,-2.64329252577398,-1.86704279864872,-0.277041874590371,0.00822321385665922
-0.408697303441556,-1.04542020245848,-1.17502006347602,0.357625456592907,0.295854159596437
0.179847915001943,0.446373491650785,-0.609934907896716,0.969630737900603,0.655337145381869
-0.207931786025284,-0.5130574275991,-1.0023617922153,0.586498220164729,0.60792249978902
-0.320469066274342,-0.803586756390438,-1.10219452054109,0.461256387992406,0.421654865379661
-0.609085978357015,-1.52469979716669,-1.39214578510476,0.173973828390726,0.127365624012914
-0.22341954355764,-0.545288323629381,-1.02656787564507,0.579728788529787,0.585567427357844
-0.208929379616919,-0.510786222126153,-1.01072013163199,0.592861372398154,0.609512042557383
-0.909518667939125,-2.1966805589409,-1.72112511957576,-0.097912216302485,0.0280661868050758
-0.224944780720477,-0.564375605542546,-1.00622791586274,0.556338354421789,0.572511219806187
-0.145687119049967,-0.346421547555578,-0.970047479239407,0.678673241139473,0.729033247774137
0.172627479201196,0.422163848539081,-0.628920851572657,0.974175809975049,0.672914531201877
0.503744061282731,1.25174678446229,-0.285105581357486,1.29259370392295,0.210691491171076
-1.14467706245,-2.81565317867209,-1.94157832607034,-0.34777579882966,0.00487735036935339
-0.549181707629288,-1.35365393454571,-1.34444230687279,0.24607889161422,0.175877633727347
0.122826714727509,0.304422005880643,-0.66806579638872,0.913719225843738,0.760812740507424
0.593525041938165,1.49298575858954,-0.185737980937685,1.37278806481401,0.135472479098674
-0.834076570089593,-2.08067188014511,-1.61986025644845,-0.0482928837307374,0.0374893538941267
0.392925262201601,0.960158764772263,-0.409246871313925,1.19509739571713,0.336998535453038
-0.717880740533843,-1.71911556471364,-1.53643608081906,0.100674599751378,0.0856243708421093
-0.25219242727357,-0.62109259228655,-1.0481251599114,0.543740305364264,0.534552862934905
-0.316610287521158,-0.772695210061982,-1.11979878549633,0.486578210454012,0.439721050766413
-0.786534194463187,-1.92887088165257,-1.58584421661401,0.0127758276876418,0.0537752401064475
-0.142969890307114,-0.349127326493331,-0.945684964353465,0.659745183739237,0.727001075596269
-1.21024259819737,-2.93525752771921,-2.01845842967058,-0.402026766724159,0.00334036102382381
-0.986822700521444,-2.50641420180448,-1.75859133047846,-0.215054070564428,0.0122120627934176
-0.164077361064983,-0.411654040295272,-0.945375857724021,0.617221135594055,0.680601846874703
0.566476595438075,1.43524625014113,-0.207194515104143,1.34014770598029,0.151248314879395
-0.721263828079643,-1.77292677924735,-1.51871503396133,0.0761873778020462,0.0762713368170825
-0.485723687303945,-1.21765782219219,-1.26764799065148,0.296200616043589,0.223382780127764
-0.67320561604717,-1.65500286649301,-1.47055682160691,0.124145589512575,0.0979553063575956
-0.247583794743917,-0.612311880731344,-1.04017700057513,0.545009411087295,0.540345394387242
-0.350329659405901,-0.853260794077777,-1.1551442533541,0.454484934542297,0.393535159712526
-0.206950280840445,-0.505243615232823,-1.00985841889942,0.595957857218534,0.613398877751342
0.118937653428844,0.291996645045157,-0.679502258128065,0.917377564985753,0.770295254848004
0.784922689075643,1.98794503473591,0.0109543745698481,1.55889100358144,0.0468449975819609
-0.572425835951435,-1.44976089638974,-1.34639524189277,0.201543569989896,0.147156740083972
-0.206502995664323,-0.50872964233319,-1.0021858681736,0.58917987684495,0.610952973174844
-0.691208474677481,-1.71246928887169,-1.48240966650888,0.0999927171539225,0.0868412272157013
-0.334962280365644,-0.829661890888045,-1.12636124024029,0.456436679508998,0.406749797970787
-0.536442351688962,-1.32326428041932,-1.33109473310726,0.258210029729332,0.185777795061009
-0.150741995125628,-0.378813602631507,-0.930768540596064,0.629284550344807,0.704834332183357
-0.768983817192563,-1.91761666792744,-1.55504450564922,0.0170768712640951,0.0551880960885437
0.299314696605478,0.739295181150296,-0.494302084600309,1.09293147781127,0.459745133237791
0.00309788483714613,0.00786720439723655,-0.768774629031401,0.774970398705694,0.993723100999228
-0.0705201756387339,-0.175299407281221,-0.859078113432205,0.718037762154737,0.860847927367985
-0.37433893795307,-0.925291262129712,-1.16736458201419,0.418686706108051,0.354836762998451
-0.159119189421915,-0.398888146053904,-0.941056792194128,0.622818413350298,0.689984143088347
0.409938455911373,1.04388005844949,-0.359845296352143,1.17972220817489,0.296566129053147
-0.417776988744336,-1.03428947193438,-1.20955505291689,0.374001075428222,0.301026056286165
-0.369425697906337,-0.901526176831389,-1.172673287827,0.433821892014328,0.367330338644794
-0.342387933397802,-0.849998158023885,-1.13197754372171,0.447201676926104,0.39534657598076
-0.42340316963643,-1.03476913279844,-1.22547160196723,0.378665262694375,0.300801823189142
-0.1246634645873,-0.301304429134662,-0.93568870283109,0.68636177365649,0.763188632508268
-0.182767423014596,-0.457912452981771,-0.965146128581185,0.599611282551993,0.647025294444929
-0.225089368077022,-0.574616754747541,-0.992941294368412,0.542762558214369,0.565563474036998
-0.426644564363045,-1.06474093949738,-1.21210265665445,0.358813527928365,0.287018932655341
-0.355119581938595,-0.878264052050086,-1.14771249298813,0.437473329110941,0.379821544487551
-0.154779898375224,-0.38222361094701,-0.948555445888984,0.638995649138535,0.702303634104968
-0.294113299991025,-0.733064813134927,-1.08056679582422,0.492340195842175,0.463536114990556
-0.509224302355349,-1.27063398930474,-1.29480322473591,0.276354620025216,0.203888734917429
-0.696241171665335,-1.74899859131291,-1.47655796422577,0.0840756208950966,0.0803219718510684
-1.08589890452049,-2.70047542924427,-1.87412342894463,-0.297674380096354,0.00693572915300745
-0.115582411494955,-0.287457003672349,-0.903752243282465,0.672587420292555,0.773768408740327
-0.90885506389813,-2.204330502834,-1.71705470165715,-0.100655426139114,0.0275238332032
0.180667339022349,0.442692528357876,-0.619310817743256,0.980645495787955,0.657997725023254
-0.280755449413448,-0.691972840848341,-1.07607163555119,0.514560736724289,0.488970455735551
-0.738454377329646,-1.86217080787485,-1.51578350472083,0.0388747500615361,0.0626083970242387
0.000270779687525646,0.000674851480265701,-0.786247031897396,0.786788591272447,0.999461559931429
-0.123834267991285,-0.311883898197819,-0.902137043621434,0.654468507638865,0.755135266122776
0.580735452437125,1.44775413113363,-0.205557615989778,1.36702852086403,0.147717329910931
-0.0137831909335802,-0.0340704588390319,-0.806781863327404,0.779215481460244,0.972821645366581
-0.79546616161258,-1.95104411659068,-1.59466589890299,0.00373357567782652,0.0510797136062639
0.0111701457629607,0.0279518864468586,-0.772166427172457,0.794506718698379,0.977701083246189
0.240225360843652,0.574921586286454,-0.578825592509555,1.05927631419686,0.565357269423631
-0.709759048175002,-1.78436866060836,-1.48945828191666,0.0699401855666529,0.0743941446119632
0.166578882174122,0.413140428892344,-0.623777958124118,0.956935722472361,0.679512640702569
-0.270405848660445,-0.663287348021736,-1.06953154820255,0.52871985088166,0.507161847851476
-0.38923581074323,-0.961223399398185,-1.1829957193871,0.40452409790064,0.336463114271259
-0.563020859366318,-1.42580652393786,-1.3370629202967,0.21102120156406,0.153955419024501
0.328445565722959,0.823008190103351,-0.453830413306959,1.11072154475288,0.41052299451985
-0.116091449291702,-0.294723235301395,-0.888214524188394,0.656031625604991,0.768211431586577
-0.540746126710076,-1.33019274500876,-1.33760203254555,0.2561097791254,0.183485278648849
-0.332516988931616,-0.839068598649842,-1.10933122605486,0.444297248191629,0.401450928820768
-0.166059824864178,-0.417003622199306,-0.946654229330543,0.614534579602187,0.676684713929186
-0.201112328175256,-0.498200404809938,-0.99240161874413,0.590176962393617,0.618353755779924
-0.528024257552488,-1.3265969744906,-1.30824156347372,0.252193048368742,0.184672357843663
-0.571315899878115,-1.37602973380648,-1.38517520140927,0.242543401653037,0.16884334759795
0.0122053698483313,0.0297001858598677,-0.793344530244079,0.817755269940742,0.976306756511684
-0.223108112903162,-0.551366269212682,-1.01629581167897,0.570079585872647,0.581394970910649
0.144724310243546,0.358259614409516,-0.647128226765903,0.936576847252996,0.720156602799297
-0.508090888202773,-1.26406483542099,-1.29599395715347,0.279812180747921,0.206236262741067
0.144737840326613,0.361788294617447,-0.639464703547485,0.928940384200711,0.717517885657778
-0.861040456944622,-2.11822201830291,-1.6578468558421,-0.0642340580471415,0.0341809018822033
0.899014527711856,2.21873310160256,0.10475498284766,1.69327407257605,0.0265273116736513
-0.133822655659515,-0.331895951535767,-0.924189085224398,0.656543773905369,0.739974801284409
-0.423905271823926,-1.042778859648,-1.22075658463691,0.37294604098906,0.297075948698781
-0.885285326002702,-2.18599254420757,-1.67912955593581,-0.0914410960695932,0.0288392768247771
0.0339586131158711,0.0837899252035934,-0.760477404458147,0.828394630689889,0.933225139501725
0.198551663229566,0.486860150167833,-0.600859063511334,0.997962389970465,0.626368113502877
-0.361427738829136,-0.900230751323582,-1.14841638034567,0.4255609026874,0.368019211890779
-0.150322753606645,-0.371393379075787,-0.943721039008105,0.643075531794816,0.710352429293084
-0.871153654126189,-2.10864656526889,-1.68097962409231,-0.0613276841600638,0.0349999365993911
-0.799204754383638,-1.95306353001798,-1.60133032041842,0.00292081165114161,0.0508399257801558
-0.353390557666927,-0.882663754223418,-1.13819304366675,0.431411928332896,0.377439213385428
-0.166113361739619,-0.425209317129067,-0.931890624144569,0.599663900665332,0.670693244285147
-0.364102856159803,-0.904967547966139,-1.15276637340966,0.424560661090051,0.365504386320661
-0.18924992635597,-0.472950839398494,-0.97361888086065,0.59511902814871,0.636258578775509
0.134637540958025,0.334209512564356,-0.655036828247868,0.924311910163917,0.738228477286102
-0.449943461681585,-1.11749422976022,-1.23919119755212,0.339304274188948,0.263809927017271
-0.60851974694306,-1.50162174207971,-1.40287505840157,0.185835564515447,0.133226408465149
-0.00814674335589416,-0.0202487125635468,-0.796802231967787,0.780508745255998,0.983845373204558
-0.116603002390889,-0.290257310593097,-0.904060774625787,0.67085476984401,0.771625418905903
-0.365596850533791,-0.895754185664323,-1.16564161864956,0.434447917581974,0.37040563707857
-0.689346686964811,-1.70549086785084,-1.48164591935087,0.102952545421251,0.0881341360565932
-0.189133681165345,-0.467873618669677,-0.981527815771622,0.603260453440932,0.63988521987172
-0.124832133082791,-0.312815399409714,-0.907070427465017,0.657406161299436,0.754427456413045
0.294478970792113,0.733323846188128,-0.492674030007499,1.08163197159173,0.463378130025986
-0.165689002486161,-0.419602117386807,-0.939717064676512,0.60833905970419,0.674785161064639
0.187121979310987,0.459842246205242,-0.610535802341913,0.984779760963887,0.645639456580205
-0.470635891674945,-1.19824651455661,-1.24054516653783,0.299273383187942,0.230849471056454
-0.301369055659791,-0.756183209420196,-1.0825871792604,0.479849067940818,0.449557178882714
-0.585240163071973,-1.43818055965218,-1.38290705162062,0.212426725476673,0.150414239842338
0.688368591674816,1.72855519234109,-0.0922492372874166,1.46898642063705,0.0839196083539279
0.0564734765218162,0.139907388783763,-0.73476010299763,0.847707056041263,0.88873599046533
-0.679050171676622,-1.69759477712129,-1.46314548070317,0.105045137349927,0.0896155990205713
-0.344356861754974,-0.861833843401667,-1.12758064545657,0.438866921946622,0.388799627884538
-0.0455303954551596,-0.111991660906934,-0.84245421747654,0.751393426566221,0.910832284014147
0.268545126336036,0.670936101833935,-0.516034364179112,1.05312461685118,0.50227678483272
-0.0364194485450042,-0.0880566276601181,-0.847141576029728,0.77430267893972,0.929833433449438
-0.211264,-0.52931733110996,-0.993630559223628,0.571102559223628,0.596597137012579
-0.398974517408135,-0.974265771293003,-1.20170251530202,0.403753480485755,0.329948178321395
-0.349221846436791,-0.850615705666837,-1.15398612877366,0.45554243590008,0.395003238530198
-0.486451980983531,-1.2095423546182,-1.27480305299728,0.301899091030218,0.226483201239576
0.0354224303907387,0.0872385272923379,-0.760500046617608,0.831344907399085,0.93048366509906
-0.731703547668133,-1.82163709220051,-1.51906539114451,0.0556582958082426,0.0685401592256434
-0.219358510502047,-0.54536698264795,-1.00779428828257,0.569077267278473,0.585513311430897
-0.386211868209188,-0.954500069392322,-1.17935278345625,0.406929047037871,0.339853665287543
-0.0731843062846593,-0.18012163460369,-0.869623734192492,0.723255121623173,0.857060728936555
-0.878888345435456,-2.19660292798693,-1.66318943359631,-0.0945872572746052,0.0280716895891097
-0.979962464823032,-2.42371543394947,-1.77251616308652,-0.187408766559543,0.0153803362413515
-0.712264851397507,-1.78612945480429,-1.49394544267472,0.0694157398797021,0.07410863954025
0.0753672777638741,0.186408925572807,-0.717164779367746,0.867899334895494,0.852127878507763
-0.561931780903379,-1.41180205742617,-1.34213988504657,0.218276323239809,0.158039374687458
0.067902173153044,0.170121136530983,-0.714492922701769,0.850297269007857,0.864918316726275
-0.515670521928456,-1.25325271207201,-1.32222629654902,0.29088525269211,0.210143104939104
-0.218574993199894,-0.538136222568169,-1.01475100574947,0.577601019349681,0.590495024704086
0.387304177304173,0.97135041495234,-0.394282103858892,1.16889045846724,0.331397312874089
-0.278831727845386,-0.682130799912691,-1.08009504896771,0.522431593276936,0.495172067417997
0.203020279379871,0.500280615715872,-0.592454512227412,0.998495070987153,0.616888513627126
-0.0495642611380447,-0.121940338263474,-0.846314221456354,0.747185699180264,0.902948725870013
-0.979187453910441,-2.4428240627244,-1.76491948856544,-0.193455419255442,0.0145900727770297
0.0682602637180167,0.170291499976042,-0.717474196037205,0.853994723473239,0.864784350454053
-0.346567514621057,-0.854720428323788,-1.141379558135,0.448244528892884,0.392726418941135
0.113124368276729,0.281468486907113,-0.674695817629025,0.900944554182483,0.778356925363685
-0.862570973839112,-2.14431594309531,-1.65108078916259,-0.0740611585156299,0.0320317851939556
-0.322521180250305,-0.804901042505525,-1.10796734238658,0.462924981885973,0.420895927177746
-0.360238244961025,-0.885647867462216,-1.15755255685345,0.437076066931398,0.375828670758027
-0.115730841968201,-0.294042516245326,-0.887237865278699,0.655776181342297,0.768731546216497
-1.30612219452568,-3.2227052774552,-2.10056730614504,-0.51167708290633,0.00127393302137709
-0.561698852968505,-1.37554899318554,-1.36213785653428,0.238740150597275,0.168992181733458
-0.186395303326819,-0.466625091962905,-0.969405736401503,0.596615129747865,0.640778299183851
-0.415013509715919,-1.05026186296898,-1.18959177890677,0.359564759474929,0.293623119151671
-0.422003234546636,-1.04377396842879,-1.21452287763256,0.370516408539287,0.296615236747167
-0.219956610406769,-0.549427043027986,-1.00470008200843,0.564786861194892,0.582724703588639
-1.27880929598392,-3.16135378834897,-2.07173692996222,-0.485881662005619,0.00157508409626545
-0.379969399877226,-0.964907823753758,-1.15187371166834,0.391934911913886,0.334614320955121
-0.134095740699649,-0.341614732296771,-0.903543379737526,0.635351898338227,0.732648029526834
0.0377601423104039,0.0937675583823435,-0.751612040170211,0.827132324791018,0.925295686428202
0.0118949076355364,0.0299097764171734,-0.767663384839395,0.791453200110468,0.976139606083367
-0.287846928164001,-0.730941702090597,-1.05977985668727,0.48408600035927,0.464831903815192
-0.0549846777752805,-0.136501493818935,-0.844580731083062,0.734611375532501,0.891427593022542
-0.130239383861365,-0.326802845186226,-0.911430523243486,0.650951755520755,0.743823865927657
-0.045219688240195,-0.112523328315961,-0.832964704868532,0.742525328388143,0.910410732900968
-0.379733695773737,-0.95268841040985,-1.16105367159995,0.401586280052475,0.340770999776868
-0.449103373987171,-1.10597168171139,-1.24508489051186,0.346878142537514,0.268765388906044
-0.138663126652503,-0.34436453329633,-0.927965200930428,0.650638947625422,0.730579400805784
-0.37789100900099,-0.925711106131336,-1.1780786688636,0.42229665086162,0.354618518139082
0.0247581147348086,0.0598824133682003,-0.785678311208476,0.835194540678093,0.952250483837295
-0.416081996159079,-1.05182574974157,-1.19149994067705,0.359335948358892,0.292904948388219
-0.0886040318971197,-0.226027360197873,-0.857014327856283,0.679806264062043,0.821184763766863
-0.137937524719874,-0.344012983026044,-0.923911695077407,0.648036645637659,0.73084375806806
-0.518643484238666,-1.28919941202205,-1.3072303550636,0.269943386586271,0.197358619946405
-0.106838557596959,-0.264327950577789,-0.899131164458972,0.685454049265054,0.791532673448059
-1.00792467012928,-2.45038090271461,-1.81422186065998,-0.20162747959859,0.0142875314268282
-0.583314117403845,-1.41730951381876,-1.39006318393696,0.223434949129269,0.156423625622571
-0.669530357146925,-1.65076848873916,-1.46456315160213,0.125502437308275,0.0988174266014013
-0.868310963210391,-2.17259077096324,-1.65173704537392,-0.084884881046865,0.0298345433829623
-1.04493542906104,-2.60676011892602,-1.83069387276374,-0.259176985358339,0.00915390360336429
-0.47548813561005,-1.18191815549779,-1.26408144823837,0.313105177018274,0.237266361403441
0.116224294595881,0.288161935976922,-0.674383305876059,0.90683189506782,0.773228758481313
-0.688920946802597,-1.7541348201073,-1.45877322957406,0.0809313359688628,0.079438224526798
-0.425963117340913,-1.05655237774405,-1.2162444035491,0.364318168867271,0.290741483292619
-1.10532475312924,-2.70662170697889,-1.90582789459447,-0.30482161166401,0.00680871402639669
0.0277578232479954,0.0693599007340621,-0.75671508750214,0.81223073399813,0.944704542618029
-0.323586049333926,-0.790352817958641,-1.12613117871295,0.478959080045094,0.429340497668267
-0.242449121228034,-0.621045237749723,-1.00769039544931,0.52279215299324,0.534584107777641
-0.233855284904237,-0.590628676976829,-1.00998336193611,0.542272792127634,0.554782612714062
-0.0753499895026835,-0.186784382552269,-0.866107485775837,0.71540750677047,0.851833483065385
-0.501797446493626,-1.25565527818568,-1.28515258610889,0.281557693121635,0.209270327668121
-0.179617186354676,-0.457830402289415,-0.948648366986768,0.589413994277416,0.647084244553112
-0.617107010701076,-1.52427527804206,-1.41069987235322,0.17648585095107,0.127471593952193
0.109818884110595,0.270930860911858,-0.684727468993266,0.904365237214456,0.786449803835532
0.0612757873387721,0.152728476963306,-0.725171450216087,0.847723024893631,0.878615487283079
-0.701243481813734,-1.77523914461439,-1.47554974901738,0.0730627853899108,0.0758889010161886
-0.538487489790327,-1.37173764993337,-1.3079819216438,0.231006942063141,0.170176051172775
-0.512724599102185,-1.2828290747708,-1.29618316012689,0.27073396192252,0.199581703689694
-0.412801420210158,-1.03240899504894,-1.196574089614,0.370971249193681,0.301905552310702
-1.18040042173665,-2.98468600093959,-1.95563199463418,-0.40516884883912,0.0028455715663119
-0.477645668168961,-1.17874759016605,-1.27194778117733,0.316656444839405,0.238526762826669
-0.384243949517895,-0.965773489176821,-1.1641326361902,0.395644737154413,0.334180981892946
-0.0223568830201941,-0.0552327836487278,-0.815798574705933,0.771084808665545,0.955954115335922
0.0508548432242009,0.126814129204248,-0.735222646968008,0.83693233341641,0.89909006337608
-0.46849364713934,-1.15185790800734,-1.26576376225177,0.328776467973092,0.249407018892288
-0.559555773617944,-1.39478153753703,-1.34594566179503,0.226834114559143,0.16311274902145
-0.469048880088977,-1.19191893497162,-1.24043542781331,0.30233766763536,0.233321327047662
-0.286019333945234,-0.709796380047734,-1.07590168342763,0.503863015537158,0.477847007934238
-0.584469291138376,-1.42523438662341,-1.38832132989849,0.219382747621734,0.154120700620096
-0.69432997732487,-1.74075366687339,-1.4761905007671,0.0875305461173647,0.0817575405448204
-0.29397857418607,-0.727199294989294,-1.08641237908807,0.498455230715932,0.467120935395591
-0.991471595796966,-2.46682614937911,-1.77931990764504,-0.203623283948897,0.0136483578103933
0.138489798055531,0.351643452184803,-0.633507756059015,0.910487352170076,0.72511308520959
-0.492743090972354,-1.18850912908549,-1.30542155841002,0.319935376465317,0.234661147690783
-0.514899127282419,-1.2843410366086,-1.30075421581613,0.270955961251291,0.19905241455789
-0.571685268669668,-1.42313002291539,-1.35911772985821,0.215747192518874,0.154729801086
-0.268840227994133,-0.669944461958265,-1.05544418007872,0.517763724090449,0.502908667250556
-0.857725643963775,-2.14360626052207,-1.64206519501127,-0.0733860929162823,0.0320885315444752
-0.572278231280663,-1.45639177229254,-1.34252478658095,0.197968324019624,0.145315801383381
-0.0618775358412194,-0.153688521706794,-0.851086968895526,0.727331897213087,0.877858438591248
0.282516826978082,0.700993248394988,-0.50749056729156,1.07252422124772,0.48332354307146
0.694760069819054,1.69440043698134,-0.108987312956653,1.49850745259476,0.0902204235758275
-0.661408913845506,-1.64188013291534,-1.45104928208855,0.128231454397537,0.10064634432985
0.248455893051684,0.623963065032517,-0.53207683842279,1.02898862452616,0.532666085741645
-0.524583251617969,-1.28025477455298,-1.32777398743255,0.278607484196613,0.20048525171944
0.415239963839426,1.0325501531534,-0.373054872033795,1.20353479971265,0.301839451885031
-0.4368179595009,-1.08095755285666,-1.2289407624101,0.355304843408297,0.27974206847034
-0.555458169944998,-1.39073705563387,-1.33835963009298,0.22744329020298,0.164336187574462
-0.466581886424095,-1.16772369068638,-1.24981039502001,0.31664662217182,0.242946101514627
-0.707128528010898,-1.81649312832842,-1.47020023552822,0.0559431795064223,0.0693247394086886
0.173207955267628,0.433967688699545,-0.609160104929961,0.955576015465217,0.664321269145547
-0.877968075675511,-2.18050412034848,-1.66723242482429,-0.0887037265267338,0.0292433497588949
-0.218077981578162,-0.53862583766107,-1.01172133046166,0.575565367305336,0.590157064279374
0.18160713017808,0.44033301361063,-0.626841617318937,0.990055877675096,0.659705484156494
0.417363186134807,1.02384514031942,-0.38169899087829,1.2164253631479,0.305933214723341
-0.119830736965554,-0.291371824774438,-0.925991034410874,0.686329560479766,0.770773012071601
-0.135818377775053,-0.335432143327833,-0.929515002830554,0.657878247280449,0.737306162225543
0.0198376726042824,0.0500756377619781,-0.756704390971906,0.796379736180471,0.960063115564537
-0.0544137730558134,-0.13514932125951,-0.843629405855433,0.734801859743806,0.892496537687635
-0.166641501608964,-0.416415654948698,-0.951076310639763,0.617793307421835,0.677114824780965
0.00757218504618606,0.0187826895127367,-0.782677242853761,0.797821612946133,0.985014838529464
-0.554803531421655,-1.35031646715005,-1.36019008405883,0.250583021215517,0.176945086867149
-0.594845819053759,-1.48419936671772,-1.38046684675565,0.190775208648131,0.137787716380385
-1.01631101676311,-2.58848066136283,-1.78594195113121,-0.246680082395018,0.00965402654720698
0.131689505205543,0.324540108374953,-0.663706716086369,0.927085726497454,0.745535959889733
-0.678175178334953,-1.67867311353473,-1.47008629234361,0.113735935673704,0.0932470260898703
-0.0627479599440051,-0.156055407901658,-0.850920850802071,0.725424930914061,0.875992499779951
-0.0813829462454692,-0.199945167728869,-0.879236761982525,0.716470869491587,0.841527543747705
-1.12312157843871,-2.70292621826922,-1.93762580370233,-0.308617353175095,0.00688483235395373
0.28287533400534,0.692230432960157,-0.518147940481832,1.08389860849251,0.488808728389883
0.419909059763071,1.05078855246394,-0.363413682803482,1.20323180232963,0.293381185930637
-0.141475316665932,-0.354732217467069,-0.923248399956101,0.640297766624236,0.722797694733351
0.0231579566494702,0.0574458702504214,-0.767051338574687,0.813367251873627,0.954191172989806
-0.763375417541752,-1.96267768277443,-1.52578779888831,-0.000963036195193594,0.0497113700247769
-0.0988420605130784,-0.24262514296068,-0.89740045699734,0.699716335971183,0.808300781003641
0.00405931376864999,0.00995296306050189,-0.79540837615994,0.80352700369724,0.99205901419493
-0.0652762066762165,-0.163221811447229,-0.84920644240763,0.718654029055197,0.870347094239991
0.133372510783559,0.324437464882765,-0.672443806005731,0.939188827572849,0.745613654462535
-0.618325013918806,-1.57845557107346,-1.38619070777358,0.149540679935969,0.114492708133049
-0.833604960222502,-2.03423836570402,-1.63687047652946,-0.0303394439155464,0.0419539100222407
-0.467282605721223,-1.13131341569731,-1.27693324826924,0.342368036826791,0.257950498201199
-0.39796913474494,-1.00470785836825,-1.17441336895936,0.378475099469484,0.315061861498085
0.203144275297703,0.511271949261273,-0.575704805623612,0.981993356219018,0.609171938405576
-0.405943158630379,-0.990255285196497,-1.20950394159458,0.397617624333819,0.322073323183219
-0.418909776842398,-1.03855209792653,-1.20957544128789,0.371755887603092,0.29903820936275
-0.436255129226808,-1.09141748732339,-1.21977563730171,0.347265378848094,0.275115551525153
0.281688452109208,0.677355833454995,-0.533490314422864,1.09686721864128,0.498195892715107
0.0548964225692856,0.135260558793598,-0.74066469137524,0.850457536513812,0.892408591426265
-0.422121799795192,-1.03830016795304,-1.21904329835646,0.374799698766071,0.29915544771209
-0.244400792789747,-0.591607189483469,-1.05418601207912,0.565384426499626,0.554127036462044
-0.31409455652998,-0.78098221729151,-1.10244616784237,0.47425705478241,0.43483145351708
-0.740185112756564,-1.86688999998123,-1.51736644469081,0.0369962191776791,0.0619462374710305
-0.57768078990938,-1.43276422901276,-1.36802061517099,0.212659035352232,0.151956493454105
-0.391225699485219,-0.966275850162454,-1.18487190561872,0.402420506648283,0.333929549801675
-0.248362251001197,-0.621390906712726,-1.03183052687782,0.53510602487543,0.534356634682897
0.099869546906433,0.247243984813482,-0.691916876372284,0.89165597018515,0.804724486877686
0.00047885181679419,0.00118748722369283,-0.789968355042451,0.790926058676039,0.999052546194524
-0.231567154645134,-0.576725528183146,-1.01862826970153,0.555493960411259,0.564137869069892
-0.415280492789847,-1.03207881828681,-1.20401250084188,0.373451515262188,0.302060221763066
-0.219511074940669,-0.546973838780089,-1.00617739809896,0.567155248217625,0.584408914668844
0.260477338198569,0.643210690248731,-0.533334152216359,1.0542888286135,0.520102154642979
-0.0164010289733483,-0.0409503763836579,-0.801481127735962,0.768679069789266,0.967336275795912
-0.13915482505908,-0.346112244700002,-0.927256257380306,0.648946607262146,0.729265663964929
0.0514360030048664,0.127190267341531,-0.741273402096619,0.844145408106351,0.898792366575155
-0.452027678677695,-1.15304850746395,-1.22048222229255,0.316426864937158,0.2489180732875
-0.25642051272861,-0.637892915654095,-1.04438366638793,0.531542640930712,0.523558069091134
0.382977070828332,0.954119528824977,-0.403834362504794,1.16978850416146,0.340046210680672
-0.49021562556274,-1.21649667715871,-1.28012445850649,0.299693207381006,0.223824535523416
0.766442341998911,1.92061316503382,-0.0157981089072548,1.54868279290508,0.0548089110869167
-0.154232814544017,-0.376366082404221,-0.957513149280757,0.649047520192724,0.706652768281129
-0.302003026474267,-0.773150735434675,-1.06768394637799,0.463677893429455,0.439451467495723
-0.721381242948823,-1.78662993555474,-1.51284484984085,0.0700823639432001,0.0740276325036508
-0.504282423226599,-1.21994903020881,-1.31455820013912,0.305993353685923,0.222512995158694
-0.0464745835638354,-0.115808704561259,-0.83311268875561,0.740163521627939,0.907806477809144
-0.841217065162382,-2.09661513763018,-1.62770153496887,-0.0547325953558954,0.0360527805625786
-0.190079701978547,-0.474916311228272,-0.974627476878302,0.594468072921208,0.634857011996598
-0.687023823718889,-1.72263616407551,-1.46879371860311,0.0947460711653334,0.0849852855575381
0.433181720689817,1.08619447273152,-0.348559853100208,1.21492329447984,0.277419151917267
-0.260414284014004,-0.629524333172232,-1.07128754328399,0.550458975255977,0.529020235673587
0.0191818575693361,0.047717744126427,-0.768791329631945,0.807155044770617,0.961942145749429
-0.341651405816052,-0.831205325877423,-1.1473554943531,0.464052682720997,0.405877497442125
-0.508669779372696,-1.23888012249392,-1.31350569542536,0.296166136679971,0.21541899460419
0.00257876536885249,0.00642626837342122,-0.784020816700708,0.789178347438413,0.994872743356348
-0.218545754575459,-0.538310929994938,-1.01435694839071,0.577265439239788,0.590374435160529
0.0841576063222078,0.207098946035176,-0.712398153619746,0.880713366264161,0.83593680491683
0.279955611752925,0.699114604050441,-0.504993462062531,1.06490468556838,0.484496677971399
0.201103606977355,0.499052725424758,-0.588800039695855,0.991007253650566,0.617753224739894
-0.190561819008536,-0.469436656057145,-0.986280515747066,0.605156877729993,0.638767789637852
-0.875191525462512,-2.16602758682365,-1.66721929047679,-0.0831637604482311,0.0303329124004731
-0.613857828603557,-1.53531505483017,-1.39759601918795,0.169880361980836,0.124738130495848
-0.261779694492375,-0.637726236168225,-1.0664212077184,0.542861818733646,0.523666533887232
-0.172523076923085,-0.426156019976614,-0.966082109292343,0.621035955446174,0.670003336630449
-0.04517798174885,-0.112210174217397,-0.834393374911784,0.744037411414084,0.910659027259414
0.245899110185192,0.611996826436243,-0.541705899001864,1.03350411937225,0.540553777222287
-0.464931266740564,-1.16508599054074,-1.24715586161317,0.317293328132043,0.244011995987602
-0.2671382986575,-0.673285996263515,-1.04488334714014,0.510606749825143,0.500780925834988
-0.0758102672495227,-0.189461293115843,-0.860157196788443,0.708536662289397,0.849735135222467
-0.188505869111054,-0.473778212196831,-0.968426608141337,0.591414869919228,0.635668419727889
-0.0453278478495349,-0.112315171032969,-0.836421402811969,0.745765707112899,0.910575789378045
0.132880400250158,0.320038561616645,-0.680997591848234,0.946758392348551,0.748945788467422
-0.180349919475532,-0.454345238150392,-0.958441392725805,0.597741553774741,0.649590226553901
-0.284785645050789,-0.70814951979157,-1.07308994711256,0.503518657010982,0.478868949541936
0.116891660160803,0.2854521367521,-0.685803975934765,0.919587296256371,0.77530368242103
-0.42169208122823,-1.04627149014825,-1.2117370072681,0.368352844811638,0.295461028710694
0.0456971207892991,0.11366550236975,-0.742365693109888,0.833759934688486,0.909505242724604
-0.308264161161844,-0.775117708548524,-1.08783588728627,0.471307564962581,0.438288451223806
-0.0323446576306878,-0.079830040187413,-0.826557476767618,0.761868161506242,0.936374030038551
-0.819658297472017,-2.0317823761395,-1.61043950583486,-0.0288770891091782,0.0422020904357213
-0.322792302823984,-0.800106498633177,-1.11360947162225,0.46802486597428,0.423668123322752
0.0508561669260814,0.124191560356428,-0.751842000171808,0.853554334023971,0.901166103875444
-1.0293950183176,-2.59298539102064,-1.80757968412566,-0.251210352509547,0.00952854123291201
-0.446134276579556,-1.09063914636671,-1.24797008315553,0.355701529996422,0.275458113920533
-0.339694915084721,-0.835836544014801,-1.1363463870181,0.456956556848661,0.403266839913446
0.178602959358841,0.440646750574577,-0.615905909955632,0.973111828673314,0.659478279215633
-0.39836665412767,-0.984756335196715,-1.19133321235391,0.394599904098572,0.324767606542361
-0.363304162058654,-0.885573155287292,-1.16747190488895,0.440863580771639,0.375868900155777
-0.606741384107593,-1.52708028746262,-1.38557143974792,0.17208867153273,0.126772853089707
-0.82152566462662,-2.05592976538605,-1.60479964651191,-0.0382516827413312,0.0398152756573851
0.5352131314838,1.29660685812151,-0.273918407515128,1.34434467048273,0.194796423795735
0.18707068025769,0.467524060413183,-0.597266294441796,0.971407654957177,0.640135221815864
0.447644692507097,1.11277570027423,-0.340900307597341,1.23618969261154,0.265831531225465
-0.96279669215167,-2.4312222009352,-1.73906286982138,-0.186530514481964,0.0150654557258024
-0.502025617492919,-1.24598489847685,-1.29181958037556,0.287768345389722,0.212799156555562
-0.919765959911942,-2.27002916224025,-1.71399685130451,-0.125535068519369,0.023227090147373
-0.206019172409881,-0.506453513735389,-1.00340557329842,0.591367228478658,0.612549505546943
-0.684038777357074,-1.66355671634331,-1.49005528853969,0.12197773382554,0.0962324827348457
-0.136994474449708,-0.344439160640879,-0.916629256091735,0.64264030719232,0.730523287970681
-0.125900586989943,-0.315819660034055,-0.907329170644124,0.655527996664239,0.752145990707482
-0.501954777774515,-1.27274009108,-1.27503676382151,0.27112720827248,0.203139890501604
0.513646948987642,1.30069027395195,-0.260443124633733,1.28773702260902,0.193394475504015
-0.268165820488207,-0.663576850579245,-1.06032575047403,0.523994109497616,0.506976479046534
-0.380533495951752,-0.940333573041548,-1.17378631308293,0.412719321179428,0.347069203192244
-0.107950030638548,-0.266004786407476,-0.903438915999276,0.687538854722179,0.790241021054058
-0.506679191676682,-1.29030686289703,-1.27641345732606,0.263055073972692,0.196974025255144
-0.473294850842336,-1.19967035765171,-1.2466349355837,0.300045233899031,0.230295817667584
-0.68292689054222,-1.67138695052192,-1.4838631869088,0.118009405824365,0.0946766255894473
-0.216318255858582,-0.539528719132064,-1.00223998788616,0.569603476168994,0.589534106082059
0.133539871303682,0.326925989837992,-0.667146285092935,0.9342260277003,0.743730725785969
-0.277005901997441,-0.689409198003093,-1.06461869869831,0.510606894703427,0.49058184021679
-0.680947479228706,-1.70086026768617,-1.4657233914968,0.103828433039388,0.0890003343309934
0.0709705724872265,0.17673499840107,-0.71617746731659,0.858118612291043,0.859720128638573
-0.349558594264948,-0.86385793733331,-1.1427511220121,0.443633933482203,0.387686772780474
-0.464143255970129,-1.15519748297187,-1.25172652717729,0.323440015237033,0.248037173646641
-0.621594561132724,-1.52027457134112,-1.42306193996383,0.179872817698385,0.128473608066252
-0.235567338808494,-0.598636972138893,-1.00691874007215,0.535784062455164,0.549428573674969
-0.42238927891114,-1.05530021594275,-1.2069699545648,0.36219139674252,0.291313579987613
0.31602788649333,0.788430320563032,-0.469682981909977,1.10173875489664,0.430463735053758
-1.08835368279561,-2.72657351417054,-1.87079864039034,-0.305908725200889,0.00641078572115298
0.646936282709802,1.57038311055245,-0.160589997149201,1.45446256256881,0.116357715130933
-0.489760636999534,-1.24297180677029,-1.26212685404181,0.282605580042744,0.213907371401317
-0.110591656467875,-0.278774854453332,-0.888215492873793,0.667032179938043,0.780423392709058
-0.340830164183586,-0.840130040035951,-1.13605911689603,0.454398788528861,0.400855569525962
-0.553141056425574,-1.37159257700625,-1.34365850642011,0.237376393568962,0.170221097825266
-0.658569630181319,-1.66224720831937,-1.43518649742186,0.118047237059226,0.0964946025800983
-0.170001529891351,-0.418940541670146,-0.965430069419975,0.625427009637272,0.675268596776467
-0.842691491001531,-2.08341404081583,-1.6355463505916,-0.0498366314114608,0.0372388399666615
-0.485989160409943,-1.2167795681229,-1.26890550763065,0.296927186810765,0.223716827245289
-0.992555879238097,-2.43217566607288,-1.79250231265752,-0.19260944581867,0.0150259275660002
-0.333533531041297,-0.833925670649281,-1.11752770541848,0.450460643335885,0.404342796182701
0.210401784806933,0.520969065786167,-0.581257247907902,1.00206081752177,0.602399862755397
-0.381049151537667,-0.953186974949452,-1.16466575347218,0.402567450396847,0.340518413842714
0.112428802676021,0.27774530483589,-0.681043060124559,0.905900665476601,0.781213623099191
-0.0902336940894486,-0.222023120547955,-0.886890521640052,0.706423133461155,0.824300426300189
-0.158825283435661,-0.389163571288324,-0.958822832403847,0.641172265532525,0.697163520607215
-0.140450426462365,-0.349990465208234,-0.927075032058563,0.646174179133832,0.726353226700955
0.544279994115712,1.34587377047259,-0.248437996320015,1.33699798455144,0.17837374762953
0.00265424987199481,0.00649965504509761,-0.797828870690077,0.803137370434067,0.994814191807388
-0.290825722486375,-0.70771786767535,-1.09634022081337,0.514688775840624,0.479136987427776
0.119511217948713,0.302281412019579,-0.655481996961787,0.894504432859212,0.762443834912885
0.136108779152011,0.336979775132715,-0.65563194732107,0.927849505625092,0.736139221418579
0.865816190438352,2.18032287216053,0.0874110779159455,1.64422130296076,0.0292568273870147
0.270285158171419,0.677176841216905,-0.512100432722585,1.05267074906542,0.498309448991561
0.295956872325434,0.740713979838798,-0.487253729780732,1.0791674744316,0.458884276144101
-0.493166047490405,-1.23016676891595,-1.27899835992927,0.292666264948456,0.218663623549792
-0.685861094189704,-1.71690739264229,-1.46891196052886,0.097189772149447,0.0860270697026341
0.159086539115805,0.388136551627392,-0.644346308345327,0.962519386576937,0.697923251097789
-0.0689187882898068,-0.170955800040854,-0.859150576295111,0.721312999715498,0.864261981916025
-0.599950330826033,-1.49430462390308,-1.38695431775954,0.187053656107478,0.135127639089391
-0.704335601537238,-1.7615467836791,-1.48810111038591,0.0794299073114297,0.0781764724764337
0.447603069721637,1.08674145572952,-0.359757473312606,1.25496361275588,0.277177300902497
-0.134359884886265,-0.334709339279611,-0.921228959850272,0.652509190077741,0.737851378966544
-0.495166640923784,-1.22576788393045,-1.28701839286113,0.296685111013557,0.220314947094827
-0.0119220581808577,-0.0293806661124192,-0.807330856166607,0.783486739804891,0.976561580129187
-0.809633175793479,-1.97569930344711,-1.61291533370274,-0.00635101788421541,0.0482162979376858
-0.592038025651249,-1.46878148061497,-1.38215825599188,0.19808220468938,0.141923588671367
-0.482968325698423,-1.18637810542258,-1.28095613956586,0.315019488169013,0.235501238859496
-0.464071265934649,-1.15743762771487,-1.25000830540467,0.321865773535373,0.24712126116863
0.0740949651278555,0.180573115008237,-0.730238778243654,0.878428708499365,0.856706320690835
-0.795874702857674,-1.96690842684334,-1.58903571079987,-0.00271369491547996,0.0492214472754278
-0.829187034348877,-2.05857209154471,-1.61875073747136,-0.0396233312263967,0.0395611414505783
-0.472496741432224,-1.16328769616615,-1.26867924918616,0.323685766321708,0.244740705473485
-0.960132140244752,-2.39707108800369,-1.74527898890325,-0.174985291586254,0.0165450026461711
-0.0682822661475768,-0.167274696933879,-0.868445053173145,0.731880520877991,0.86715729588093
-0.267960737918173,-0.662931665599478,-1.06028525169674,0.524363775860395,0.50738960924134
-0.0598980128151254,-0.148659306596992,-0.849705132773878,0.729909107143628,0.88182547467263
0.110310908794105,0.270212219458915,-0.689917935091053,0.910539752679263,0.787002575344352
0.124588228588237,0.307908812172475,-0.668562416758366,0.917738873934841,0.75815814882029
-0.676559079990142,-1.65615299905948,-1.47732600519548,0.124207845215194,0.0977223299954791
-0.0873377275486433,-0.21640443752819,-0.878446935760456,0.70377148066317,0.828676926290347
-0.692158541677344,-1.71249664453602,-1.48443473768272,0.100117654328035,0.0868362393976874
-0.0310335233866113,-0.0759401258240729,-0.832085611683353,0.770018564910131,0.939468261692893
-0.215940467180062,-0.533916457905249,-1.00873640841843,0.576855474058304,0.593411209518659
-0.342128490664379,-0.839924621073836,-1.14058194094029,0.456324959611534,0.400970736876728
-0.199242079242069,-0.505602783510862,-0.971695625036234,0.573211466552096,0.613146692723882
-0.144953397457115,-0.35290469108635,-0.950094001642288,0.660187206728058,0.724167346412077
-0.0945596823770529,-0.235028107924942,-0.883214490589701,0.694095125835596,0.814191738210992
0.36045562935864,0.890669599346081,-0.432841446484922,1.1537527052022,0.373127880665766
-0.60834530912166,-1.54771068074971,-1.37882495438587,0.162134336142547,0.121723689976176
0.328141364621132,0.801281125831451,-0.474602070894065,1.13088480013633,0.422987966215339
-0.228807133647791,-0.558335661621186,-1.03210176257163,0.574487495276044,0.576627700463815
-0.241684125157136,-0.616990511025509,-1.0095241173007,0.526155866986426,0.537255145938914
-0.185086057394642,-0.46757458815587,-0.961017744622487,0.590845629833203,0.64009903434356
-0.862636826889783,-2.12504646139109,-1.65835718071853,-0.066916473061032,0.0336073000464527
-1.18529801053128,-2.95874469887763,-1.9705716547195,-0.400024366343064,0.00309622617202839
-0.703033034331199,-1.70864112116087,-1.50957236075014,0.103506292087738,0.0875484844515098
-0.226998216484574,-0.559381955471365,-1.02245157089586,0.568455137926707,0.575913616913173
-0.212161981937115,-0.523575325213137,-1.00647099466955,0.582147030795321,0.600585646188206
-0.287949647426203,-0.722915891970462,-1.06873104275194,0.492831747899531,0.469748471926947
-0.145529850125612,-0.361475607746468,-0.934705643617237,0.643645943366012,0.71775157460189
-0.189689346562346,-0.469953425680303,-0.980894091612755,0.601515398488062,0.638398560915794
-0.263825443345567,-0.656315615517841,-1.05178626781089,0.524135381119753,0.511636181309517
-0.367306163594478,-0.887476124252729,-1.17858931601107,0.443976988822116,0.374844064295413
0.124094919727909,0.305568205207848,-0.671966377597836,0.920156217053655,0.759939793425978
-0.609717538223478,-1.50524764529679,-1.40371918416537,0.184284107718409,0.132292010616898
-0.0234782380037757,-0.0567273388245808,-0.834763832573657,0.787807356566106,0.954763529509918
0.0514507668891042,0.128632312882467,-0.732596905584016,0.835498439362224,0.897651185294042
-0.00347937110441876,-0.00868036646104999,-0.789191371342113,0.782232629133276,0.993074329860634
-0.674159642835875,-1.63063895777746,-1.48457122358664,0.136251937914894,0.102998041088839
-0.0948042242295486,-0.237740548679296,-0.876477584146915,0.686869135687818,0.812087223159943
-0.462784107856848,-1.16506151170279,-1.24141287251543,0.315844656801729,0.244021992499776
0.531698175765428,1.33433419945961,-0.249392415821341,1.3127887673522,0.182124849275401
-0.952902554961383,-2.38817929267496,-1.73503851172946,-0.170766598193306,0.0169505330222414
-0.419101219966308,-1.03038015106411,-1.21640190556791,0.378199465635297,0.302856524575393
-0.549450609070433,-1.36698918305971,-1.33733821124721,0.23843699310634,0.171659439569753
-0.430677729897468,-1.04537162710277,-1.23825189243613,0.376896432641197,0.295876536431057
0.150468768735834,0.36751405371172,-0.652083131537852,0.95302066900952,0.713243395987912
-0.110163602251404,-0.274527871955032,-0.89676072857455,0.676433524071742,0.783684659427967
0.17741195763702,0.434956487584721,-0.622123566738956,0.976947482012996,0.663603403006731
-0.372440650110477,-0.921883352194399,-1.16436159514932,0.419480294928369,0.356611691996889
0.678591258199177,1.67516944804492,-0.115463014909282,1.47264553130764,0.0939322622792908
-0.695168023077542,-1.70085871328817,-1.49633351292637,0.105997466771287,0.0890006275630275
-0.702066102814797,-1.75154906790556,-1.48776562417472,0.0836334185451214,0.0798821079247314
0.0496461062443529,0.122818981946478,-0.742709982877135,0.842002195365841,0.902252912689766
-1.00710460313886,-2.52449145125607,-1.78909486840635,-0.225114337871365,0.0116019287855795
-0.0902978649732802,-0.218686787704306,-0.899684402072585,0.719088672126025,0.826898536767434
-0.225520916509339,-0.565033218653613,-1.00789331306158,0.556851480042899,0.572063848095263
-0.969564270074059,-2.41268060241149,-1.75729441368376,-0.181834126464359,0.0158535787361907
0.0472139999999968,0.117665317964333,-0.73933040148418,0.833758401484174,0.90633522297819
0.314313998717779,0.784526990717961,-0.471023816940706,1.09965181437626,0.432749540347897
-0.421467536632107,-1.05948987101934,-1.20124044640248,0.358305373138269,0.289402409245918
-0.0381837527350086,-0.0945288752105114,-0.829982794847049,0.753615289377032,0.924690946938095
-0.515449097376887,-1.27759651473789,-1.30629666383351,0.275398469079734,0.201421421389898
0.122133211395351,0.299498128034264,-0.677223267186348,0.921489689977049,0.764566245263675
-0.561189263453201,-1.39849000661907,-1.34778358788943,0.225405060983029,0.161997078010056
-0.028755516483713,-0.0705982370847758,-0.827169319939704,0.769658286972278,0.943718926865118
-0.258626462194187,-0.641917603300441,-1.04838557022071,0.531132645832341,0.5209414845507
-0.102258000254736,-0.253129850458339,-0.894129560236409,0.689613559726937,0.800173090941345
-0.361437994261181,-0.912786888946277,-1.13762272919464,0.414746740672278,0.361376651756633
-0.0955719489526956,-0.229176100165914,-0.913023062762775,0.721879164857383,0.818736735447575
-0.64459670523236,-1.57038060372137,-1.449203950199,0.160010539734277,0.116358302897755
0.378214768606711,0.942449983335885,-0.408434075775565,1.16486361298899,0.345985107578691
-0.380122773097369,-0.943427426569577,-1.16992084970052,0.409675303505784,0.345485120970971
-0.471800615203534,-1.158638316537,-1.2699999224355,0.326398692028431,0.24663134882737
0.2760727105847,0.697357610321384,-0.499939635642972,1.05208505681237,0.485595246056952
-0.422034765793072,-1.02609762439142,-1.22826728478659,0.384197753200448,0.30487043924425
-0.673322882177771,-1.67586648641473,-1.46088469825698,0.114238933901438,0.0937956295399893
0.0550938519325257,0.137718116755148,-0.72908087669294,0.839268580557991,0.890465979816248
0.244630769095949,0.606737332200204,-0.545704530995884,1.03496606918778,0.544039110533258
0.223407626793019,0.547186947150994,-0.576911032765987,1.02372628635203,0.584262517357903
-0.631957827432473,-1.56527143699465,-1.42336368952444,0.159448034659496,0.117551019556116
0.339501044581382,0.8561023635927,-0.437848080811747,1.11685016997451,0.391961688105134
0.229208685530338,0.559106857058113,-0.574385941327978,1.03280331238865,0.576101342564605
-0.487780324410735,-1.21781742667082,-1.27291251142823,0.297351862606755,0.223322109964819
-0.340544376069857,-0.84374921770537,-1.1316983456013,0.450609593461586,0.398829749373657
-0.532416780898316,-1.33288170277132,-1.3154152405188,0.250581678722172,0.182601063026565
-0.736553673102833,-1.81944952275346,-1.53008732378859,0.0569799775829212,0.068872936132246
-0.17729943031064,-0.434156961386235,-0.97779925813368,0.6232003975124,0.66418383293742
-0.118873369468858,-0.294456591122584,-0.910214937132057,0.672468198194341,0.768415144059045
-0.485087085484523,-1.20447944234533,-1.27453050719191,0.304356336222863,0.228432845645056
-0.899994451535861,-2.25721336426007,-1.68156456124598,-0.118424341825741,0.0240162555762227
-0.634867853806043,-1.56386333652301,-1.43063369647951,0.160897988867422,0.117881366146809
-0.929612645058015,-2.30417658405463,-1.72044957557271,-0.138775714543321,0.0212331365667428
-0.630808780940498,-1.58182087910217,-1.41251145759665,0.150893895715655,0.113722400759002
-0.105720730408422,-0.263367915645478,-0.892581629976581,0.681140169159738,0.792272445530024
-0.33760095714905,-0.82885711393349,-1.1360086299472,0.460806715649103,0.407205063914019
-0.150423169248143,-0.367914701397565,-0.951858091976819,0.651011753480534,0.712944626281074
-0.670497592372442,-1.67108636605065,-1.45699856615882,0.116003381413935,0.0947360762813279
0.0831900760772726,0.208548015824944,-0.698736959922026,0.865117112076571,0.834805351864383
-0.694437285114049,-1.72954273971878,-1.48148761489841,0.0926130446703155,0.0837429290406635
-1.45343682937458,-3.62963513866289,-2.2383722021036,-0.668501456645566,0.000285239945968921
-0.096329429083454,-0.237655358839561,-0.890863227183646,0.698204369016738,0.812153310592783
0.491875575520709,1.23424490467136,-0.289310856773736,1.27306200781515,0.217140727821165
-0.188807800780083,-0.466577176070533,-0.982034322849075,0.604418721288909,0.640812607544879
-0.182633820145284,-0.447877742810564,-0.981957308728271,0.616689668437703,0.654251170092948
-0.635808710166145,-1.5727788867767,-1.4282360981433,0.156618677811009,0.115801671168229
-0.47623770364207,-1.19400884700931,-1.25807623151308,0.305600824228944,0.232502925380312
-0.711948192353233,-1.75463738447057,-1.50730442010003,0.0834080353935587,0.0793519835830213
-0.49618146471829,-1.21682305558312,-1.29548896429379,0.303126034857211,0.223700329404259
-0.197033615985276,-0.491846823078909,-0.982289395196139,0.588222163225586,0.622838434103245
-0.232740294961175,-0.578657893823273,-1.02114718430304,0.555666594380694,0.562833077612467
-0.435352790625785,-1.06631905981694,-1.23565688243458,0.364951301183008,0.286305286044988
-1.06381953526542,-2.66367083213191,-1.84668721701811,-0.280951853512733,0.00774177534450723
-0.00522263482004348,-0.0130389371137484,-0.790364511655603,0.779919242015517,0.989596988344532
0.00309915735273592,0.00766896655551894,-0.789050892377465,0.795249207082937,0.993881262974665
-0.270872205819103,-0.690367298633287,-1.03997599870038,0.498231587062172,0.489979276709158
-0.83286956254608,-2.00731936092457,-1.64618969663452,-0.0195494284576393,0.0447427037428629
0.11783667662408,0.293126519964396,-0.67016333743354,0.905836690681699,0.769431551207487
0.0234256047998684,0.0576935862490127,-0.772484374626789,0.819335584226526,0.953993855641615
-0.650659341626707,-1.61520168773314,-1.44029652364925,0.138977840395834,0.106298585020327
-0.703181198386787,-1.75426857419372,-1.48890880449866,0.0825464077250828,0.0794152333244653
-0.0370344123832211,-0.0914603139185631,-0.830765631236773,0.75669680647033,0.927128671978829
-1.10673497689837,-2.67465230368068,-1.91783986488279,-0.295630088913944,0.00749286061313216
-0.15528160410976,-0.378345521892596,-0.959792810730321,0.649229602510801,0.705181968106322
-0.283804279873991,-0.693617124139402,-1.08585129852441,0.518242738776432,0.487938473088575
-0.979980672268908,-2.47058900665542,-1.75751172602508,-0.202449618512735,0.0135056509894751
-0.437248364836492,-1.08967778956103,-1.22380653870818,0.349309809035194,0.275881407655286
-0.784124318954568,-1.8916800702518,-1.59665154089026,0.0284029029811259,0.0585625015427229
-0.463650466815324,-1.14466106523933,-1.25763953197502,0.330338598344371,0.252377018937443
-0.505862399825006,-1.25599685630121,-1.29534905432619,0.283624254676175,0.209146612452697
-0.396954159908859,-0.966742787255381,-1.20183239752281,0.407924077705091,0.333696059003095
0.143939232043024,0.357868430672008,-0.644478739311085,0.932357203397133,0.720449339006499
-0.0372288178628537,-0.0900381024048192,-0.84772987260767,0.773272236881963,0.928258740065585
-0.110493452869036,-0.275156816305905,-0.897642456263924,0.676655550525851,0.783201449402899
-0.712367317634317,-1.74358737603299,-1.51323539303695,0.088500757768318,0.0812618268411352
0.204763790226096,0.509005078343787,-0.583790757234298,0.993318337686489,0.610759902586526
-0.31936985053305,-0.776080461928127,-1.12602489636873,0.487285195302626,0.437719843728592
-0.328378568127306,-0.814131442284173,-1.11902256547637,0.462265429221758,0.415589056076609
-0.0549490775818242,-0.135790529631177,-0.848165428278991,0.738267273115343,0.891989615046308
-0.256098925242426,-0.63685907041144,-1.04435105351808,0.532153203033222,0.524231244131125
-0.798911042642843,-1.97195873372305,-1.59305874267774,-0.00476334260794481,0.0486418442326775
-0.228425361701454,-0.565983259433604,-1.01954390243864,0.562693179035732,0.57141790113139
0.205839509479119,0.506061611701414,-0.591468294479497,1.00314731343774,0.612824556310453
0.283619251950256,0.694804533062339,-0.516535030805761,1.08377353470627,0.487193952869567
0.0341587780557688,0.0845769921620048,-0.757523498586552,0.82584105469809,0.932599389714537
-0.185628776318126,-0.461872234891135,-0.973443548794728,0.602185996158477,0.644182996031451
-0.484575440840217,-1.21182668337737,-1.26840490622684,0.29925402454641,0.22560738467338
-0.835673371132046,-2.05031122393482,-1.63462007479602,-0.0367266674680731,0.0403602696796503
-0.419001533605879,-1.04377960012932,-1.20588039240448,0.367877325192722,0.29661279979883
-0.470694069552181,-1.16876882983995,-1.26011898993761,0.318730850833246,0.242524677736588
-0.302292168011547,-0.733194011508264,-1.11047326074721,0.50588892472412,0.463457307195048
-0.116808705602466,-0.292445963118098,-0.899752103402652,0.66613469219772,0.769951751657513
-0.306874281039143,-0.764021995712291,-1.09420157008139,0.480453008003105,0.444872166113057
-0.00790617853364495,-0.0194827702290501,-0.803363011447094,0.787550654379804,0.984456370854964
